Dep.,code,ColorT1,Color_hachT1,Abs_Commune
17,17019,rose,hach_rouge,45.2
17,17142,rose,hach_rouge,52.9
17,17153,rose,hach_rouge,52.1
17,17190,rose,hach_rouge,45.4
17,17121,rose,hach_rouge,41.9
17,17161,rose,hach_rouge,48.7
17,17300,rose,hach_rouge,52.9
17,17200,rose,hach_rouge,48.5
17,17051,rose,hach_rouge,45.4
17,17286,rose,hach_rouge,42.9
17,17207,rose,hach_rouge,37.9
17,17222,rose,hach_rouge,47.4
17,17264,rose,hach_rouge,46.9
17,17274,rose,hach_rouge,49
17,17291,rose,hach_rouge,52.8
17,17297,rose,hach_rouge,48.2
17,17318,rose,hach_rouge,36.7
17,17369,rose,hach_rouge,48.3
17,17414,rose,hach_rouge,48.4
17,17360,rose,hach_rouge,47.6
17,17003,rouge,hach_orange,50
17,17007,rouge,hach_orange,45.5
17,17008,orange,hach_rouge,50.4
17,17009,rouge,hach_orange,56.2
17,17010,orange,hach_rouge,44.7
17,17018,rouge,hach_orange,58.5
17,17028,rouge,hach_orange,49.1
17,17032,rouge,hach_orange,53.6
17,17041,rouge,hach_orange,56.7
17,17057,orange,hach_rouge,53.4
17,17059,orange,hach_rouge,48.3
17,17063,rouge,hach_orange,50.4
17,17065,orange,hach_rouge,45.1
17,17080,rouge,hach_orange,57.4
17,17091,orange,hach_rouge,54.6
17,17094,orange,hach_rouge,46.3
17,17107,rouge,hach_orange,52.8
17,17109,orange,hach_rouge,46.8
17,17127,rouge,hach_orange,53.4
17,17132,rouge,hach_orange,53.1
17,17136,orange,hach_rouge,52.1
17,17158,rouge,hach_orange,60.4
17,17166,orange,hach_rouge,54.5
17,17168,orange,hach_rouge,44.1
17,17004,orange,hach_rouge,28.4
17,17457,rouge,hach_orange,58.3
17,17182,rouge,hach_orange,54
17,17193,orange,hach_rouge,45.7
17,17194,orange,hach_rouge,51.9
17,17201,orange,hach_rouge,51.1
17,17303,rouge,hach_orange,51.3
17,17203,orange,hach_rouge,45
17,17186,rouge,hach_orange,62.6
17,17447,rouge,hach_orange,57.1
17,17205,orange,hach_rouge,51.4
17,17208,orange,hach_rouge,54.1
17,17218,orange,hach_rouge,55.1
17,17221,rouge,hach_orange,55.7
17,17245,rouge,hach_orange,52.1
17,17267,orange,hach_rouge,51
17,17293,orange,hach_rouge,52.8
17,17299,rouge,hach_orange,53
17,17315,rouge,hach_orange,55.5
17,17322,rouge,hach_orange,61.2
17,17338,rouge,hach_orange,54.2
17,17349,orange,hach_rouge,53.6
17,17353,orange,hach_rouge,49.3
17,17359,rouge,hach_orange,50.4
17,17373,rouge,hach_orange,52
17,17376,orange,hach_rouge,59.1
17,17382,rouge,hach_orange,50.8
17,17340,rouge,hach_orange,52.8
17,17391,orange,hach_rouge,49.6
17,17394,rouge,hach_orange,53.5
17,17396,orange,hach_rouge,52.8
17,17413,orange,hach_rouge,45
17,17407,orange,hach_rouge,54.1
17,17420,orange,hach_rouge,44.8
17,17434,orange,hach_rouge,51.1
17,17439,rouge,hach_orange,62.7
17,17443,orange,hach_rouge,52.4
17,17463,orange,hach_rouge,43.3
17,17466,orange,hach_rouge,54.1
17,17472,orange,hach_rouge,55.7
17,17480,rouge,hach_orange,52.8
17,17482,rouge,hach_orange,51.5
17,17483,orange,hach_rouge,54.1
17,17011,orange,hach_bleuemarine,46.7
17,17012,orange,hach_bleuemarine,51.8
17,17013,bleuemarine,hach_orange,58.2
17,17017,bleuemarine,hach_orange,51.2
17,17022,bleuemarine,hach_orange,52.9
17,17023,bleuemarine,hach_orange,59
17,17024,bleuemarine,hach_orange,49.3
17,17025,orange,hach_bleuemarine,51.2
17,17026,bleuemarine,hach_orange,55.4
17,17029,orange,hach_bleuemarine,39.4
17,17031,bleuemarine,hach_orange,55.7
17,17035,bleuemarine,hach_orange,38.5
17,17037,orange,hach_bleuemarine,50.8
17,17042,bleuemarine,hach_orange,53.2
17,17043,bleuemarine,hach_orange,61.1
17,17046,bleuemarine,hach_orange,44.3
17,17048,bleuemarine,hach_orange,57.8
17,17049,orange,hach_bleuemarine,33.3
17,17053,bleuemarine,hach_orange,54.8
17,17062,orange,hach_bleuemarine,40.6
17,17067,orange,hach_bleuemarine,50.7
17,17070,bleuemarine,hach_orange,55
17,17072,bleuemarine,hach_orange,51
17,17073,bleuemarine,hach_orange,44.9
17,17085,bleuemarine,hach_orange,51.7
17,17086,orange,hach_bleuemarine,50
17,17087,bleuemarine,hach_orange,51.4
17,17100,bleuemarine,hach_orange,46.1
17,17101,bleuemarine,hach_orange,46.9
17,17102,orange,hach_bleuemarine,45.8
17,17105,bleuemarine,hach_orange,47.6
17,17114,bleuemarine,hach_orange,40.3
17,17117,orange,hach_bleuemarine,47.4
17,17124,bleuemarine,hach_orange,59.4
17,17125,orange,hach_bleuemarine,47.6
17,17126,bleuemarine,hach_orange,44.7
17,17128,bleuemarine,hach_orange,49.5
17,17135,bleuemarine,hach_orange,50.9
17,17138,orange,hach_bleuemarine,41.8
17,17139,orange,hach_bleuemarine,53.9
17,17141,orange,hach_bleuemarine,52.2
17,17147,bleuemarine,hach_orange,53.9
17,17148,bleuemarine,hach_orange,48.9
17,17277,bleuemarine,hach_orange,51.7
17,17157,orange,hach_bleuemarine,39.5
17,17162,orange,hach_bleuemarine,45
17,17164,orange,hach_bleuemarine,46.2
17,17165,bleuemarine,hach_orange,53
17,17176,bleuemarine,hach_orange,46.7
17,17180,bleuemarine,hach_orange,38.2
17,17181,bleuemarine,hach_orange,58.5
17,17188,orange,hach_bleuemarine,44.9
17,17198,orange,hach_bleuemarine,44.9
17,17071,bleuemarine,hach_orange,49.6
17,17089,bleuemarine,hach_orange,53.4
17,17137,bleuemarine,hach_orange,48.2
17,17195,bleuemarine,hach_orange,48.5
17,17465,orange,hach_bleuemarine,58.5
17,17471,bleuemarine,hach_orange,47.2
17,17202,orange,hach_bleuemarine,42.2
17,17143,bleuemarine,hach_orange,50.3
17,17177,bleuemarine,hach_orange,48.9
17,17252,bleuemarine,hach_orange,48.2
17,17426,bleuemarine,hach_orange,50.5
17,17149,orange,hach_bleuemarine,43.6
17,17150,bleuemarine,hach_orange,54.8
17,17179,orange,hach_bleuemarine,44.8
17,17266,bleuemarine,hach_orange,54.3
17,17451,orange,hach_bleuemarine,57.7
17,17206,bleuemarine,hach_orange,51.5
17,17211,bleuemarine,hach_orange,56.6
17,17212,bleuemarine,hach_orange,50.4
17,17213,bleuemarine,hach_orange,53.1
17,17217,bleuemarine,hach_orange,52.6
17,17223,orange,hach_bleuemarine,56.5
17,17224,bleuemarine,hach_orange,55.1
17,17226,bleuemarine,hach_orange,54.7
17,17234,bleuemarine,hach_orange,48.6
17,17235,bleuemarine,hach_orange,50.5
17,17239,bleuemarine,hach_orange,51.8
17,17254,bleuemarine,hach_orange,40.4
17,17256,bleuemarine,hach_orange,55.2
17,17257,bleuemarine,hach_orange,56.9
17,17261,bleuemarine,hach_orange,53.5
17,17262,bleuemarine,hach_orange,51.4
17,17268,orange,hach_bleuemarine,34.7
17,17271,bleuemarine,hach_orange,46.4
17,17275,bleuemarine,hach_orange,49.2
17,17288,bleuemarine,hach_orange,56.3
17,17289,orange,hach_bleuemarine,40.2
17,17290,bleuemarine,hach_orange,53.8
17,17292,bleuemarine,hach_orange,52.3
17,17294,bleuemarine,hach_orange,48.9
17,17301,orange,hach_bleuemarine,33.3
17,17313,bleuemarine,hach_orange,47.1
17,17314,bleuemarine,hach_orange,57.9
17,17321,orange,hach_bleuemarine,49.8
17,17327,bleuemarine,hach_orange,47
17,17334,bleuemarine,hach_orange,49.2
17,17336,orange,hach_bleuemarine,47
17,17344,bleuemarine,hach_orange,55.4
17,17347,orange,hach_bleuemarine,59.1
17,17350,bleuemarine,hach_orange,48.7
17,17356,bleuemarine,hach_orange,52.4
17,17358,orange,hach_bleuemarine,52.8
17,17361,bleuemarine,hach_orange,48.5
17,17367,bleuemarine,hach_orange,50.9
17,17377,bleuemarine,hach_orange,36.1
17,17381,bleuemarine,hach_orange,51.9
17,17383,bleuemarine,hach_orange,48.8
17,17384,orange,hach_bleuemarine,44.6
17,17395,orange,hach_bleuemarine,47.6
17,17397,orange,hach_bleuemarine,51
17,17401,bleuemarine,hach_orange,50
17,17412,bleuemarine,hach_orange,48.7
17,17374,bleuemarine,hach_orange,58.3
17,17415,orange,hach_bleuemarine,55.6
17,17416,orange,hach_bleuemarine,46.3
17,17422,bleuemarine,hach_orange,56.8
17,17427,orange,hach_bleuemarine,42.4
17,17428,orange,hach_bleuemarine,53.3
17,17435,bleuemarine,hach_orange,46.2
17,17436,orange,hach_bleuemarine,48.7
17,17440,orange,hach_bleuemarine,46.6
17,17444,bleuemarine,hach_orange,52.2
17,17446,bleuemarine,hach_orange,44.7
17,17448,bleuemarine,hach_orange,52.3
17,17450,orange,hach_bleuemarine,41.6
17,17459,orange,hach_bleuemarine,46.2
17,17460,bleuemarine,hach_orange,50.7
17,17462,orange,hach_bleuemarine,48.7
17,17464,orange,hach_bleuemarine,52.4
17,17467,bleuemarine,hach_orange,50
17,17470,orange,hach_bleuemarine,43
17,17473,orange,hach_bleuemarine,39.1
17,17474,bleuemarine,hach_orange,55.7
17,17477,orange,hach_bleuemarine,45.2
17,17478,bleuemarine,hach_orange,45.9
17,17481,bleuemarine,hach_orange,48.5
17,17002,bleuemarine,hach_orange,42
17,17005,orange,hach_bleuemarine,44.9
17,17006,orange,hach_bleuemarine,50.2
17,17015,bleuemarine,hach_orange,53.1
17,17016,bleuemarine,hach_orange,56.2
17,17020,orange,hach_bleuemarine,52.6
17,17027,bleuemarine,hach_orange,48.8
17,17034,bleuemarine,hach_orange,50.8
17,17038,bleuemarine,hach_orange,46.8
17,17039,bleuemarine,hach_orange,52
17,17044,bleuemarine,hach_orange,52.1
17,17047,bleuemarine,hach_orange,59
17,17050,bleuemarine,hach_orange,55.1
17,17052,bleuemarine,hach_orange,48.2
17,17054,bleuemarine,hach_orange,50.8
17,17055,orange,hach_bleuemarine,49.1
17,17056,bleuemarine,hach_orange,47.5
17,17060,orange,hach_bleuemarine,42.2
17,17061,orange,hach_bleuemarine,51
17,17066,orange,hach_bleuemarine,42.7
17,17068,bleuemarine,hach_orange,41.5
17,17069,bleuemarine,hach_orange,57.1
17,17074,bleuemarine,hach_orange,52.9
17,17076,orange,hach_bleuemarine,51.4
17,17077,bleuemarine,hach_orange,52.3
17,17078,bleuemarine,hach_orange,56.1
17,17081,bleuemarine,hach_orange,51.9
17,17082,orange,hach_bleuemarine,48.9
17,17084,bleuemarine,hach_orange,55.3
17,17092,bleuemarine,hach_orange,37.5
17,17095,bleuemarine,hach_orange,48.1
17,17096,orange,hach_bleuemarine,31
17,17098,orange,hach_bleuemarine,48.6
17,17099,bleuemarine,hach_orange,48.7
17,17104,orange,hach_bleuemarine,48.5
17,17106,bleuemarine,hach_orange,53.1
17,17108,orange,hach_bleuemarine,48.1
17,17110,bleuemarine,hach_orange,52.6
17,17111,orange,hach_bleuemarine,54
17,17115,orange,hach_bleuemarine,46.2
17,17116,orange,hach_bleuemarine,49.3
17,17118,bleuemarine,hach_orange,51.4
17,17122,orange,hach_bleuemarine,49.7
17,17129,bleuemarine,hach_orange,47.6
17,17130,bleuemarine,hach_orange,52.6
17,17131,bleuemarine,hach_orange,49.8
17,17133,bleuemarine,hach_orange,51.9
17,17145,orange,hach_bleuemarine,51
17,17152,bleuemarine,hach_orange,49.4
17,17156,bleuemarine,hach_orange,39
17,17159,bleuemarine,hach_orange,51.7
17,17160,orange,hach_bleuemarine,38.9
17,17163,orange,hach_bleuemarine,51.8
17,17172,orange,hach_bleuemarine,49.6
17,17175,bleuemarine,hach_orange,52.9
17,17178,orange,hach_bleuemarine,47
17,17183,bleuemarine,hach_orange,53.7
17,17187,orange,hach_bleuemarine,48.1
17,17192,orange,hach_bleuemarine,42.2
17,17196,bleuemarine,hach_orange,48.3
17,17197,orange,hach_bleuemarine,52.6
17,17199,orange,hach_bleuemarine,45.2
17,17033,bleuemarine,hach_orange,53.5
17,17113,bleuemarine,hach_orange,53.1
17,17173,orange,hach_bleuemarine,55.1
17,17191,bleuemarine,hach_orange,57.8
17,17167,bleuemarine,hach_orange,60.6
17,17276,bleuemarine,hach_orange,49.2
17,17204,orange,hach_bleuemarine,56.6
17,17209,orange,hach_bleuemarine,38.9
17,17210,bleuemarine,hach_orange,52.7
17,17215,bleuemarine,hach_orange,35.1
17,17220,orange,hach_bleuemarine,55
17,17227,orange,hach_bleuemarine,51.2
17,17229,bleuemarine,hach_orange,53.8
17,17230,orange,hach_bleuemarine,49.4
17,17231,orange,hach_bleuemarine,46.3
17,17232,bleuemarine,hach_orange,53.8
17,17233,orange,hach_bleuemarine,48.5
17,17236,bleuemarine,hach_orange,51.1
17,17240,orange,hach_bleuemarine,52.9
17,17241,bleuemarine,hach_orange,52.4
17,17242,orange,hach_bleuemarine,52.1
17,17243,orange,hach_bleuemarine,56.1
17,17244,bleuemarine,hach_orange,52.5
17,17248,orange,hach_bleuemarine,52.2
17,17249,orange,hach_bleuemarine,48.9
17,17250,orange,hach_bleuemarine,56.1
17,17258,orange,hach_bleuemarine,57.1
17,17259,orange,hach_bleuemarine,36.1
17,17260,bleuemarine,hach_orange,56.3
17,17263,bleuemarine,hach_orange,53.9
17,17269,bleuemarine,hach_orange,56.6
17,17270,orange,hach_bleuemarine,49
17,17273,orange,hach_bleuemarine,55.4
17,17279,bleuemarine,hach_orange,54.2
17,17281,bleuemarine,hach_orange,40.3
17,17282,orange,hach_bleuemarine,49.4
17,17283,orange,hach_bleuemarine,56.6
17,17287,bleuemarine,hach_orange,50.5
17,17295,orange,hach_bleuemarine,55.1
17,17296,bleuemarine,hach_orange,51.2
17,17298,bleuemarine,hach_orange,49.7
17,17304,orange,hach_bleuemarine,49.2
17,17305,bleuemarine,hach_orange,52.6
17,17306,orange,hach_bleuemarine,52.3
17,17309,bleuemarine,hach_orange,53.4
17,17310,bleuemarine,hach_orange,51.3
17,17312,bleuemarine,hach_orange,54
17,17316,orange,hach_bleuemarine,45.9
17,17317,bleuemarine,hach_orange,48.4
17,17324,bleuemarine,hach_orange,45.3
17,17325,bleuemarine,hach_orange,51.5
17,17326,orange,hach_bleuemarine,45.5
17,17328,bleuemarine,hach_orange,50
17,17331,bleuemarine,hach_orange,48.6
17,17332,orange,hach_bleuemarine,50.5
17,17333,orange,hach_bleuemarine,48.6
17,17335,bleuemarine,hach_orange,51.2
17,17339,orange,hach_bleuemarine,48.7
17,17341,orange,hach_bleuemarine,50.6
17,17342,bleuemarine,hach_orange,52.2
17,17343,bleuemarine,hach_orange,44.9
17,17345,bleuemarine,hach_orange,48.1
17,17354,bleuemarine,hach_orange,44.3
17,17357,orange,hach_bleuemarine,51.6
17,17362,bleuemarine,hach_orange,47.2
17,17363,bleuemarine,hach_orange,45.2
17,17364,bleuemarine,hach_orange,53.9
17,17365,orange,hach_bleuemarine,42.1
17,17366,bleuemarine,hach_orange,48.6
17,17372,bleuemarine,hach_orange,37.9
17,17378,bleuemarine,hach_orange,50.4
17,17379,orange,hach_bleuemarine,45.7
17,17386,bleuemarine,hach_orange,55.3
17,17388,bleuemarine,hach_orange,45
17,17398,bleuemarine,hach_orange,31.5
17,17400,bleuemarine,hach_orange,50.2
17,17402,orange,hach_bleuemarine,48.1
17,17403,orange,hach_bleuemarine,47.3
17,17404,bleuemarine,hach_orange,51.9
17,17405,orange,hach_bleuemarine,39.9
17,17410,bleuemarine,hach_orange,46.3
17,17319,orange,hach_bleuemarine,52.6
17,17355,orange,hach_bleuemarine,55.9
17,17390,bleuemarine,hach_orange,52.4
17,17417,bleuemarine,hach_orange,57
17,17418,orange,hach_bleuemarine,49.6
17,17423,bleuemarine,hach_orange,48.3
17,17424,bleuemarine,hach_orange,47.6
17,17425,bleuemarine,hach_orange,51.2
17,17430,bleuemarine,hach_orange,51.5
17,17432,bleuemarine,hach_orange,46.4
17,17433,orange,hach_bleuemarine,51
17,17437,orange,hach_bleuemarine,33.6
17,17438,bleuemarine,hach_orange,52.4
17,17441,orange,hach_bleuemarine,51
17,17442,bleuemarine,hach_orange,54.4
17,17454,bleuemarine,hach_orange,42.2
17,17458,orange,hach_bleuemarine,37.4
17,17468,orange,hach_bleuemarine,47.5
17,17469,bleuemarine,hach_orange,51.8
17,17476,bleuemarine,hach_orange,44.5
17,17479,orange,hach_bleuemarine,46.4
17,17021,bleuemarine,hach_orange,52.6
17,17030,orange,hach_bleuemarine,52.8
17,17036,bleuemarine,hach_orange,47.7
17,17045,bleuemarine,hach_orange,52.4
17,17058,bleuemarine,hach_orange,54.7
17,17064,orange,hach_bleuemarine,47.9
17,17075,bleuemarine,hach_orange,51.1
17,17079,bleuemarine,hach_orange,52.3
17,17083,bleuemarine,hach_orange,49.9
17,17119,bleuemarine,hach_orange,52.5
17,17120,orange,hach_bleuemarine,51.2
17,17134,orange,hach_bleuemarine,42.1
17,17140,orange,hach_bleuemarine,51.8
17,17146,orange,hach_bleuemarine,50.9
17,17155,bleuemarine,hach_orange,51.1
17,17171,bleuemarine,hach_orange,50.6
17,17174,orange,hach_bleuemarine,57.8
17,17151,orange,hach_bleuemarine,55.2
17,17486,orange,hach_bleuemarine,41.2
17,17112,orange,hach_bleuemarine,50.4
17,17184,bleuemarine,hach_orange,49.9
17,17452,orange,hach_bleuemarine,47
17,17455,bleuemarine,hach_orange,56.8
17,17093,orange,hach_bleuemarine,54.8
17,17097,orange,hach_bleuemarine,50.3
17,17485,orange,hach_bleuemarine,47.5
17,17185,bleuemarine,hach_orange,53.2
17,17154,orange,hach_bleuemarine,55
17,17225,bleuemarine,hach_orange,47.9
17,17214,bleuemarine,hach_orange,58
17,17216,orange,hach_bleuemarine,58.1
17,17219,bleuemarine,hach_orange,55.9
17,17228,bleuemarine,hach_orange,49.8
17,17237,bleuemarine,hach_orange,48
17,17246,bleuemarine,hach_orange,50.4
17,17247,orange,hach_bleuemarine,45.8
17,17253,bleuemarine,hach_orange,56.6
17,17255,bleuemarine,hach_orange,49.1
17,17265,bleuemarine,hach_orange,50.8
17,17278,bleuemarine,hach_orange,49.4
17,17280,bleuemarine,hach_orange,48.5
17,17284,bleuemarine,hach_orange,50.7
17,17285,orange,hach_bleuemarine,46.8
17,17484,bleuemarine,hach_orange,45
17,17302,bleuemarine,hach_orange,48.9
17,17306,orange,hach_bleuemarine,52.3
17,17307,bleuemarine,hach_orange,56.2
17,17308,bleuemarine,hach_orange,48.6
17,17311,orange,hach_bleuemarine,51.2
17,17320,bleuemarine,hach_orange,55.8
17,17323,orange,hach_bleuemarine,48.4
17,17329,bleuemarine,hach_orange,47
17,17337,orange,hach_bleuemarine,47.2
17,17346,bleuemarine,hach_orange,53
17,17348,bleuemarine,hach_orange,49.1
17,17351,bleuemarine,hach_orange,54.7
17,17375,bleuemarine,hach_orange,49.6
17,17380,orange,hach_bleuemarine,44.3
17,17385,orange,hach_bleuemarine,51
17,17387,bleuemarine,hach_orange,46.9
17,17393,bleuemarine,hach_orange,55.8
17,17406,bleuemarine,hach_orange,45
17,17408,bleuemarine,hach_orange,53.1
17,17409,orange,hach_bleuemarine,52.3
17,17411,orange,hach_bleuemarine,48.1
17,17330,bleuemarine,hach_orange,54.8
17,17389,bleuemarine,hach_orange,47.8
17,17421,bleuemarine,hach_orange,47.3
17,17429,orange,hach_bleuemarine,46.2
17,17431,orange,hach_bleuemarine,48.9
17,17445,bleuemarine,hach_orange,48.9
17,17449,orange,hach_bleuemarine,55.1
17,17453,bleuemarine,hach_orange,50.5
17,17461,orange,hach_bleuemarine,44.2
24,24010,rouge,hach_orange,45.2
24,24029,rouge,hach_orange,47.5
24,24032,rouge,hach_orange,39.9
24,24059,rouge,hach_orange,47.2
24,24098,orange,hach_rouge,43.4
24,24102,rouge,hach_orange,46.7
24,24104,rouge,hach_orange,44.7
24,24115,rouge,hach_orange,48.8
24,24138,rouge,hach_orange,52.9
24,24139,rouge,hach_orange,45.2
24,24157,rouge,hach_orange,46.6
24,24159,rouge,hach_orange,46.6
24,24165,rouge,hach_orange,49.2
24,24205,rouge,hach_orange,45.2
24,24213,rouge,hach_orange,45.3
24,24108,orange,hach_rouge,46.7
24,24329,rouge,hach_orange,53.4
24,24236,rouge,hach_orange,51.7
24,24251,rouge,hach_orange,36.2
24,24256,rouge,hach_orange,52.1
24,24264,rouge,hach_orange,56.2
24,24266,rouge,hach_orange,46.9
24,24294,orange,hach_rouge,53.6
24,24295,rouge,hach_orange,44.7
24,24299,rouge,hach_orange,52.2
24,24309,rouge,hach_orange,46.5
24,24322,orange,hach_rouge,50.1
24,24350,rouge,hach_orange,49.7
24,24367,rouge,hach_orange,45.3
24,24371,rouge,hach_orange,44.2
24,24372,rouge,hach_orange,47.1
24,24380,rouge,hach_orange,48.7
24,24399,rouge,hach_orange,48.2
24,24409,rouge,hach_orange,43.3
24,24418,rouge,hach_orange,40.1
24,24424,orange,hach_rouge,32.4
24,24436,orange,hach_rouge,51
24,24442,rouge,hach_orange,47.5
24,24444,rouge,hach_orange,42
24,24449,rouge,hach_orange,48.6
24,24457,rouge,hach_orange,30
24,24462,rouge,hach_orange,46.5
24,24465,rouge,hach_orange,47.6
24,24500,orange,hach_rouge,41.9
24,24502,rouge,hach_orange,39.1
24,24509,rouge,hach_orange,48.1
24,24543,rouge,hach_orange,46.6
24,24557,orange,hach_rouge,45
24,24562,rouge,hach_orange,40
24,24005,orange,hach_bleuemarine,46.9
24,24022,bleuemarine,hach_orange,39.8
24,24023,bleuemarine,hach_orange,43.5
24,24024,orange,hach_bleuemarine,24.1
24,24027,bleuemarine,hach_orange,51.5
24,24028,orange,hach_bleuemarine,49.9
24,24031,orange,hach_bleuemarine,41
24,24034,orange,hach_bleuemarine,42.9
24,24037,orange,hach_bleuemarine,56.2
24,24043,orange,hach_bleuemarine,47.6
24,24045,orange,hach_bleuemarine,46.6
24,24048,bleuemarine,hach_orange,51.5
24,24051,orange,hach_bleuemarine,45.6
24,24052,bleuemarine,hach_orange,55.3
24,24054,bleuemarine,hach_orange,47.2
24,24060,orange,hach_bleuemarine,28.4
24,24073,orange,hach_bleuemarine,41.7
24,24077,bleuemarine,hach_orange,43.5
24,24080,orange,hach_bleuemarine,43.8
24,24083,orange,hach_bleuemarine,47.3
24,24088,bleuemarine,hach_orange,45.3
24,24123,bleuemarine,hach_orange,35.4
24,24126,bleuemarine,hach_orange,39.3
24,24132,orange,hach_bleuemarine,45.7
24,24140,bleuemarine,hach_orange,47.2
24,24143,bleuemarine,hach_orange,48.3
24,24145,bleuemarine,hach_orange,48.6
24,24148,bleuemarine,hach_orange,39.5
24,24155,bleuemarine,hach_orange,42.2
24,24161,bleuemarine,hach_orange,39.8
24,24167,orange,hach_bleuemarine,48.1
24,24259,bleuemarine,hach_orange,47
24,24176,bleuemarine,hach_orange,42.9
24,24177,bleuemarine,hach_orange,47.6
24,24186,bleuemarine,hach_orange,40.8
24,24189,bleuemarine,hach_orange,47.3
24,24191,bleuemarine,hach_orange,42.9
24,24193,orange,hach_bleuemarine,41.9
24,24194,bleuemarine,hach_orange,48.9
24,24195,bleuemarine,hach_orange,40.2
24,24197,orange,hach_bleuemarine,42.5
24,24211,orange,hach_bleuemarine,47.4
24,24212,bleuemarine,hach_orange,46.8
24,24222,bleuemarine,hach_orange,51.5
24,24223,orange,hach_bleuemarine,49
24,24224,orange,hach_bleuemarine,44.1
24,24225,bleuemarine,hach_orange,54.8
24,24226,bleuemarine,hach_orange,50.4
24,24228,bleuemarine,hach_orange,50.5
24,24231,bleuemarine,hach_orange,42.1
24,24068,orange,hach_bleuemarine,47.1
24,24182,bleuemarine,hach_orange,55.5
24,24237,orange,hach_bleuemarine,47.2
24,24234,orange,hach_bleuemarine,49.4
24,24242,bleuemarine,hach_orange,41
24,24244,bleuemarine,hach_orange,44.1
24,24246,bleuemarine,hach_orange,49.6
24,24257,bleuemarine,hach_orange,46
24,24260,orange,hach_bleuemarine,37.3
24,24267,orange,hach_bleuemarine,45.9
24,24272,bleuemarine,hach_orange,51.5
24,24273,bleuemarine,hach_orange,43.8
24,24274,orange,hach_bleuemarine,47.1
24,24276,orange,hach_bleuemarine,45
24,24277,bleuemarine,hach_orange,42.5
24,24278,orange,hach_bleuemarine,54.5
24,24279,bleuemarine,hach_orange,57.1
24,24280,orange,hach_bleuemarine,51.3
24,24281,orange,hach_bleuemarine,40.5
24,24282,bleuemarine,hach_orange,35.7
24,24285,bleuemarine,hach_orange,32.3
24,24287,orange,hach_bleuemarine,37
24,24288,bleuemarine,hach_orange,42.7
24,24289,bleuemarine,hach_orange,51.2
24,24290,orange,hach_bleuemarine,44.7
24,24292,bleuemarine,hach_orange,52
24,24296,bleuemarine,hach_orange,51.1
24,24297,bleuemarine,hach_orange,52.4
24,24306,orange,hach_bleuemarine,41.1
24,24307,bleuemarine,hach_orange,34.9
24,24168,bleuemarine,hach_orange,48.4
24,24331,orange,hach_bleuemarine,46.8
24,24334,orange,hach_bleuemarine,34.2
24,24335,bleuemarine,hach_orange,45.6
24,24338,bleuemarine,hach_orange,37.7
24,24340,orange,hach_bleuemarine,49.4
24,24345,orange,hach_bleuemarine,43.5
24,24347,orange,hach_bleuemarine,51.2
24,24348,orange,hach_bleuemarine,45.2
24,24349,orange,hach_bleuemarine,44.8
24,24351,orange,hach_bleuemarine,49.6
24,24357,bleuemarine,hach_orange,53.3
24,24359,orange,hach_bleuemarine,30.7
24,24361,orange,hach_bleuemarine,43.4
24,24370,bleuemarine,hach_orange,52.6
24,24373,bleuemarine,hach_orange,40.1
24,24374,bleuemarine,hach_orange,40.5
24,24378,bleuemarine,hach_orange,38.6
24,24379,bleuemarine,hach_orange,47.4
24,24383,bleuemarine,hach_orange,41.7
24,24382,bleuemarine,hach_orange,48.4
24,24384,bleuemarine,hach_orange,27.3
24,24385,bleuemarine,hach_orange,41.1
24,24405,orange,hach_bleuemarine,37.8
24,24413,bleuemarine,hach_orange,44.7
24,24414,orange,hach_bleuemarine,44.5
24,24415,bleuemarine,hach_orange,34.1
24,24419,bleuemarine,hach_orange,51.4
24,24420,bleuemarine,hach_orange,51.9
24,24422,orange,hach_bleuemarine,39.2
24,24426,orange,hach_bleuemarine,31.6
24,24423,bleuemarine,hach_orange,41.1
24,24437,orange,hach_bleuemarine,42.8
24,24441,orange,hach_bleuemarine,33.9
24,24445,bleuemarine,hach_orange,38.6
24,24446,orange,hach_bleuemarine,39.1
24,24454,bleuemarine,hach_orange,48.7
24,24456,bleuemarine,hach_orange,47
24,24461,bleuemarine,hach_orange,44.9
24,24466,orange,hach_bleuemarine,50.8
24,24472,bleuemarine,hach_orange,49.4
24,24483,bleuemarine,hach_orange,40
24,24487,bleuemarine,hach_orange,47.1
24,24494,orange,hach_bleuemarine,38.9
24,24495,orange,hach_bleuemarine,41.5
24,24499,orange,hach_bleuemarine,42.9
24,24501,bleuemarine,hach_orange,48.5
24,24514,bleuemarine,hach_orange,47.7
24,24393,bleuemarine,hach_orange,39.2
24,24492,bleuemarine,hach_orange,58.8
24,24523,orange,hach_bleuemarine,38.9
24,24532,bleuemarine,hach_orange,43.2
24,24534,bleuemarine,hach_orange,53.7
24,24536,orange,hach_bleuemarine,41.2
24,24542,orange,hach_bleuemarine,57.6
24,24549,orange,hach_bleuemarine,43.9
24,24560,orange,hach_bleuemarine,27.1
24,24566,bleuemarine,hach_orange,45.6
24,24568,bleuemarine,hach_orange,50.6
24,24570,orange,hach_bleuemarine,26.2
24,24572,bleuemarine,hach_orange,47.6
24,24581,orange,hach_bleuemarine,45.9
24,24584,bleuemarine,hach_orange,47.3
24,24001,rouge,hach_orange,41.1
24,24002,rouge,hach_orange,42.3
24,24007,rouge,hach_bleuemarine,34
24,24008,orange,hach_bleuemarine,34.9
24,24009,orange,hach_rouge,38.9
24,24011,rouge,hach_orange,48.7
24,24016,bleuemarine,hach_rouge,37.6
24,24026,rouge,hach_orange,36.6
24,24038,orange,hach_bleuemarine,38
24,24042,rouge,hach_bleuemarine,44.3
24,24055,rouge,hach_orange,35.3
24,24057,bleuemarine,hach_rouge,40.7
24,24058,orange,hach_bleuemarine,47.5
24,24062,bleuemarine,hach_rouge,34.9
24,24064,orange,hach_bleuemarine,41.8
24,24069,bleuemarine,hach_rouge,42.1
24,24070,orange,hach_rouge,34.7
24,24071,orange,hach_rouge,38.2
24,24090,orange,hach_bleuemarine,37.4
24,24095,rouge,hach_orange,43.2
24,24096,orange,hach_rouge,40.1
24,24097,orange,hach_rouge,35.8
24,24100,bleuemarine,hach_orange,32.9
24,24101,orange,hach_rouge,36.2
24,24105,bleuemarine,hach_rouge,30.4
24,24114,orange,hach_bleuemarine,29.8
24,24119,bleuemarine,hach_orange,43.1
24,24124,orange,hach_rouge,36.7
24,24128,rouge,hach_orange,48.3
24,24129,bleuemarine,hach_rouge,49.4
24,24131,orange,hach_rouge,21.3
24,24134,orange,hach_rouge,37.1
24,24135,orange,hach_rouge,42.8
24,24137,rouge,hach_orange,37.4
24,24141,orange,hach_rouge,31.9
24,24144,rouge,hach_orange,26.1
24,24147,rouge,hach_orange,44
24,24154,rouge,hach_bleuemarine,31.3
24,24158,orange,hach_rouge,37.2
24,24162,rouge,hach_bleuemarine,41.5
24,24163,rouge,hach_bleuemarine,34.9
24,24164,orange,hach_rouge,43.9
24,24171,rouge,hach_bleuemarine,36.6
24,24180,rouge,hach_orange,33
24,24196,orange,hach_rouge,28.7
24,24199,orange,hach_bleuemarine,37.6
24,24200,rouge,hach_orange,38.9
24,24209,bleuemarine,hach_orange,34.8
24,24214,orange,hach_bleuemarine,37.8
24,24218,rouge,hach_orange,38.3
24,24107,rouge,hach_orange,43.2
24,24109,rouge,hach_bleuemarine,36.4
24,24110,orange,hach_bleuemarine,38.5
24,24111,orange,hach_rouge,28.3
24,24133,orange,hach_rouge,42.1
24,24216,rouge,hach_orange,33.6
24,24354,bleuemarine,hach_orange,48.3
24,24353,orange,hach_rouge,35
24,24554,bleuemarine,hach_rouge,41.7
24,24227,orange,hach_rouge,26.9
24,24056,rouge,hach_orange,38.3
24,24238,rouge,hach_bleuemarine,39.5
24,24243,rouge,hach_orange,38.2
24,24247,rouge,hach_bleuemarine,33.1
24,24248,rouge,hach_orange,37.4
24,24253,orange,hach_rouge,37.8
24,24262,rouge,hach_orange,34.8
24,24269,rouge,hach_orange,40.3
24,24271,rouge,hach_orange,38
24,24286,rouge,hach_orange,40.6
24,24303,orange,hach_rouge,36.2
24,24304,rouge,hach_bleuemarine,41.1
24,24305,orange,hach_rouge,30.9
24,24308,orange,hach_rouge,42.2
24,24311,orange,hach_rouge,41.1
24,24316,rouge,hach_orange,47.8
24,24319,rouge,hach_orange,42.5
24,24320,orange,hach_bleuemarine,36.5
24,24323,orange,hach_rouge,45.4
24,24328,orange,hach_rouge,40
24,24339,rouge,hach_orange,31.8
24,24346,orange,hach_rouge,38.4
24,24352,rouge,hach_orange,46
24,24221,rouge,hach_orange,39.5
24,24376,bleuemarine,hach_orange,43.4
24,24381,rouge,hach_orange,26.5
24,24397,orange,hach_rouge,30.6
24,24398,orange,hach_rouge,38.1
24,24403,bleuemarine,hach_rouge,30.4
24,24408,orange,hach_rouge,40.5
24,24410,bleuemarine,hach_orange,31.3
24,24411,rouge,hach_orange,34.1
24,24417,rouge,hach_orange,36.8
24,24425,orange,hach_rouge,39.8
24,24428,rouge,hach_bleuemarine,41.7
24,24429,rouge,hach_orange,28.6
24,24434,rouge,hach_bleuemarine,29.8
24,24448,orange,hach_rouge,36.3
24,24451,orange,hach_rouge,43.3
24,24452,orange,hach_bleuemarine,25.3
24,24453,orange,hach_rouge,36.9
24,24455,rouge,hach_orange,42
24,24458,rouge,hach_bleuemarine,36.4
24,24460,bleuemarine,hach_orange,39.8
24,24463,orange,hach_rouge,38.8
24,24464,orange,hach_bleuemarine,27.3
24,24474,rouge,hach_orange,28.5
24,24476,rouge,hach_orange,25.9
24,24477,rouge,hach_orange,30.1
24,24479,orange,hach_rouge,37.9
24,24481,orange,hach_rouge,36.5
24,24482,bleuemarine,hach_rouge,29.7
24,24485,bleuemarine,hach_rouge,42.1
24,24486,rouge,hach_orange,36.1
24,24489,orange,hach_bleuemarine,43.7
24,24490,bleuemarine,hach_orange,46.9
24,24493,orange,hach_rouge,36.6
24,24496,orange,hach_bleuemarine,33.8
24,24498,orange,hach_bleuemarine,36.6
24,24505,orange,hach_rouge,31.3
24,24504,orange,hach_bleuemarine,30.9
24,24508,rouge,hach_orange,19.9
24,24511,bleuemarine,hach_orange,38.6
24,24513,orange,hach_rouge,36.3
24,24394,bleuemarine,hach_orange,42.7
24,24507,orange,hach_bleuemarine,26.8
24,24515,rouge,hach_orange,42.7
24,24519,rouge,hach_bleuemarine,34.8
24,24521,bleuemarine,hach_orange,41.8
24,24522,orange,hach_bleuemarine,31.6
24,24525,bleuemarine,hach_rouge,32.9
24,24526,orange,hach_bleuemarine,32.5
24,24527,rouge,hach_bleuemarine,45.9
24,24528,orange,hach_bleuemarine,25.3
24,24529,rouge,hach_bleuemarine,40
24,24533,orange,hach_rouge,49.4
24,24537,bleuemarine,hach_orange,30
24,24540,orange,hach_rouge,41.4
24,24541,orange,hach_rouge,40
24,24548,bleuemarine,hach_orange,27.2
24,24551,orange,hach_rouge,40
24,24553,rouge,hach_orange,40.8
24,24564,bleuemarine,hach_orange,47.2
24,24565,orange,hach_rouge,29.2
24,24567,rouge,hach_orange,35
24,24569,orange,hach_bleuemarine,41.3
24,24573,orange,hach_bleuemarine,41.2
24,24582,rouge,hach_orange,36.1
24,24586,orange,hach_rouge,39.5
24,24004,rouge,hach_orange,42
24,24006,rouge,hach_orange,46
24,24012,orange,hach_rouge,37.5
24,24014,rouge,hach_orange,49.9
24,24015,rouge,hach_orange,48.4
24,24018,rouge,hach_orange,42.5
24,24019,orange,hach_rouge,37.4
24,24021,rouge,hach_orange,42.6
24,24025,rouge,hach_orange,38.4
24,24026,rouge,hach_orange,36.6
24,24030,rouge,hach_orange,39.3
24,24036,rouge,hach_orange,35.7
24,24039,orange,hach_rouge,40.3
24,24040,orange,hach_rouge,46.2
24,24046,orange,hach_rouge,25
24,24050,rouge,hach_orange,33.3
24,24053,rouge,hach_orange,50.2
24,24061,rouge,hach_orange,34.3
24,24063,orange,hach_rouge,38.7
24,24066,rouge,hach_orange,37.1
24,24074,rouge,hach_orange,42.1
24,24075,rouge,hach_orange,45.7
24,24076,orange,hach_rouge,41.9
24,24081,rouge,hach_orange,41.6
24,24082,rouge,hach_orange,46.3
24,24084,rouge,hach_orange,22.7
24,24086,rouge,hach_orange,39
24,24087,rouge,hach_orange,42.6
24,24091,rouge,hach_orange,47.1
24,24094,rouge,hach_orange,55.6
24,24116,orange,hach_rouge,36.2
24,24120,orange,hach_rouge,35.9
24,24121,orange,hach_rouge,24.5
24,24122,rouge,hach_orange,29.6
24,24364,rouge,hach_orange,41.4
24,24130,rouge,hach_orange,43.6
24,24136,rouge,hach_orange,41.6
24,24142,rouge,hach_orange,45.2
24,24146,rouge,hach_orange,42.1
24,24147,rouge,hach_orange,44
24,24150,rouge,hach_orange,36.3
24,24151,orange,hach_rouge,41.2
24,24152,orange,hach_rouge,44.3
24,24160,rouge,hach_orange,40.8
24,24174,orange,hach_rouge,33.8
24,24183,rouge,hach_orange,39.5
24,24184,rouge,hach_orange,32.5
24,24188,rouge,hach_orange,37
24,24192,orange,hach_rouge,35.2
24,24202,orange,hach_rouge,37.9
24,24206,orange,hach_rouge,49.5
24,24207,rouge,hach_orange,46.3
24,24208,rouge,hach_orange,50.3
24,24210,rouge,hach_orange,44.9
24,24215,rouge,hach_orange,37.7
24,24217,rouge,hach_orange,46.7
24,24020,rouge,hach_orange,44.8
24,24085,orange,hach_rouge,39.4
24,24106,rouge,hach_orange,45.6
24,24113,rouge,hach_orange,27.1
24,24153,rouge,hach_orange,43.5
24,24156,rouge,hach_orange,46.9
24,24179,rouge,hach_orange,44
24,24355,rouge,hach_orange,38.1
24,24220,rouge,hach_orange,46
24,24230,rouge,hach_orange,46.2
24,24232,orange,hach_rouge,45.9
24,24067,rouge,hach_orange,48.5
24,24229,rouge,hach_orange,47.5
24,24117,orange,hach_rouge,41.1
24,24172,rouge,hach_orange,42.4
24,24175,rouge,hach_orange,44.6
24,24240,orange,hach_rouge,36.7
24,24241,rouge,hach_orange,42.4
24,24245,orange,hach_rouge,49.8
24,24252,rouge,hach_orange,45.7
24,24254,rouge,hach_orange,37.3
24,24255,rouge,hach_orange,38.9
24,24261,rouge,hach_orange,43.9
24,24263,rouge,hach_orange,40
24,24268,rouge,hach_orange,44.5
24,24293,rouge,hach_orange,47.9
24,24284,rouge,hach_orange,32.3
24,24291,rouge,hach_orange,47.4
24,24300,orange,hach_rouge,41.9
24,24301,rouge,hach_orange,41
24,24302,orange,hach_rouge,44.2
24,24313,rouge,hach_orange,39.6
24,24317,orange,hach_rouge,42.8
24,24318,orange,hach_rouge,48.5
24,24035,rouge,hach_orange,48
24,24321,rouge,hach_orange,54.1
24,24325,rouge,hach_orange,45.6
24,24324,rouge,hach_orange,36.2
24,24326,rouge,hach_orange,39.1
24,24327,rouge,hach_orange,35.1
24,24330,rouge,hach_orange,34.2
24,24336,rouge,hach_orange,40
24,24337,orange,hach_rouge,25.8
24,24341,rouge,hach_orange,45.1
24,24356,rouge,hach_orange,45.4
24,24360,rouge,hach_orange,41.6
24,24365,orange,hach_rouge,42.5
24,24366,rouge,hach_orange,40.3
24,24375,rouge,hach_orange,41.8
24,24377,rouge,hach_orange,33.1
24,24386,orange,hach_rouge,42.9
24,24388,rouge,hach_orange,41.2
24,24390,rouge,hach_orange,37.3
24,24392,orange,hach_rouge,48.4
24,24395,rouge,hach_orange,50.4
24,24396,rouge,hach_orange,48.7
24,24404,rouge,hach_orange,41.4
24,24412,rouge,hach_orange,40.4
24,24416,rouge,hach_orange,31.2
24,24421,rouge,hach_orange,38.7
24,24432,rouge,hach_orange,41.1
24,24438,rouge,hach_orange,27
24,24443,rouge,hach_orange,40.1
24,24450,rouge,hach_orange,43.2
24,24459,rouge,hach_orange,45.5
24,24468,orange,hach_rouge,43.2
24,24478,rouge,hach_orange,50
24,24480,rouge,hach_orange,39.2
24,24484,rouge,hach_orange,48.4
24,24488,rouge,hach_orange,45.4
24,24491,rouge,hach_orange,43.2
24,24510,rouge,hach_orange,51.4
24,24512,orange,hach_rouge,42
24,24401,rouge,hach_orange,34.5
24,24406,rouge,hach_orange,52
24,24407,rouge,hach_orange,40.8
24,24470,rouge,hach_orange,33.1
24,24471,rouge,hach_orange,41.6
24,24473,orange,hach_rouge,44.3
24,24516,orange,hach_rouge,44.7
24,24517,orange,hach_rouge,31.4
24,24518,rouge,hach_orange,44.9
24,24312,rouge,hach_orange,49.5
24,24520,rouge,hach_orange,49.6
24,24524,rouge,hach_orange,39
24,24531,rouge,hach_orange,34.8
24,24535,rouge,hach_orange,38.7
24,24538,rouge,hach_orange,50.5
24,24544,rouge,hach_orange,36.9
24,24545,orange,hach_rouge,32.6
24,24546,rouge,hach_orange,45.2
24,24547,rouge,hach_orange,54.3
24,24550,rouge,hach_orange,44.7
24,24552,orange,hach_rouge,34.5
24,24555,rouge,hach_orange,39.3
24,24558,rouge,hach_orange,43.9
24,24559,rouge,hach_orange,35.4
24,24362,orange,hach_rouge,45.1
24,24563,rouge,hach_orange,30.3
24,24571,rouge,hach_orange,50.6
24,24574,rouge,hach_orange,29.7
24,24575,rouge,hach_orange,46
24,24576,orange,hach_rouge,38.7
24,24577,rouge,hach_orange,43.1
24,24580,rouge,hach_orange,27.5
24,24585,rouge,hach_orange,48.4
24,24587,rouge,hach_orange,42.2
33,33001,bleuemarine,hach_orange,57
33,33002,orange,hach_rouge,47.8
33,33003,rouge,hach_orange,59.5
33,33004,rouge,hach_orange,60.8
33,33005,orange,hach_bleuemarine,47.6
33,33006,bleuemarine,hach_orange,42.2
33,33007,orange,hach_rouge,51
33,33008,orange,hach_rouge,38.2
33,33009,orange,hach_bleuemarine,47.9
33,33010,bleuemarine,hach_rouge,52.2
33,33011,orange,hach_bleuemarine,51.9
33,33012,bleuemarine,hach_rouge,52.6
33,33013,rouge,hach_orange,51.8
33,33014,bleuemarine,hach_orange,49.8
33,33015,orange,hach_bleuemarine,47.5
33,33016,orange,hach_bleuemarine,44.6
33,33017,rouge,hach_orange,51.8
33,33018,bleuemarine,hach_orange,52.1
33,33019,orange,hach_bleuemarine,55.6
33,33020,orange,hach_rouge,43.8
33,33021,orange,hach_rouge,48.1
33,33022,bleuemarine,hach_rouge,57.1
33,33023,rouge,hach_orange,45.5
33,33024,orange,hach_rouge,51.4
33,33025,orange,hach_rouge,50
33,33026,rouge,hach_orange,42.5
33,33027,rouge,hach_orange,37.4
33,33028,orange,hach_bleuemarine,51.3
33,33029,rouge,hach_orange,53
33,33030,rouge,hach_orange,52.1
33,33031,rouge,hach_orange,39
33,33032,rouge,hach_orange,59.7
33,33033,rouge,hach_orange,53.6
33,33034,bleuemarine,hach_orange,45.9
33,33035,bleuemarine,hach_orange,41.9
33,33036,orange,hach_rouge,44
33,33037,rouge,hach_orange,50.4
33,33038,bleuemarine,hach_rouge,46.8
33,33039,rouge,hach_orange,54.5
33,33040,rouge,hach_orange,49.4
33,33042,orange,hach_rouge,55.6
33,33043,rouge,hach_orange,59.5
33,33044,orange,hach_rouge,57.8
33,33045,bleuemarine,hach_orange,41.9
33,33046,rouge,hach_orange,48
33,33047,bleuemarine,hach_orange,49.5
33,33048,orange,hach_rouge,37.4
33,33049,rouge,hach_orange,56.4
33,33050,rouge,hach_orange,50.4
33,33051,bleuemarine,hach_orange,56.2
33,33052,orange,hach_bleuemarine,44.3
33,33053,orange,hach_rouge,42
33,33054,orange,hach_rouge,46.5
33,33055,bleuemarine,hach_rouge,43.9
33,33056,rouge,hach_bleuemarine,50
33,33057,rouge,hach_orange,51.4
33,33058,orange,hach_bleuemarine,58.8
33,33059,rouge,hach_orange,47.8
33,33060,orange,hach_rouge,47.3
33,33061,orange,hach_rouge,49.6
33,33062,bleuemarine,hach_orange,49.2
33,33063,orange,hach_rouge,52
33,33063,orange,hach_rouge,52
33,33063,orange,hach_rouge,52
33,33064,bleuemarine,hach_orange,38.3
33,33065,orange,hach_rouge,49.7
33,33066,rouge,hach_orange,46.9
33,33067,bleuemarine,hach_orange,54
33,33068,orange,hach_rouge,47.4
33,33069,orange,hach_rouge,49.4
33,33070,bleuemarine,hach_rouge,54.2
33,33071,orange,hach_bleuemarine,54.5
33,33072,rouge,hach_orange,47.6
33,33073,bleuemarine,hach_orange,55
33,33074,orange,hach_rouge,37.4
33,33075,orange,hach_rouge,51.3
33,33076,orange,hach_rouge,50.3
33,33077,rouge,hach_orange,52
33,33078,bleuemarine,hach_orange,44.1
33,33079,orange,hach_bleuemarine,40.2
33,33080,rouge,hach_orange,56.7
33,33081,rouge,hach_orange,57
33,33082,bleuemarine,hach_orange,54.7
33,33083,orange,hach_rouge,48.3
33,33084,rouge,hach_orange,46.8
33,33085,orange,hach_rouge,43.3
33,33086,orange,hach_bleuemarine,49
33,33087,rouge,hach_orange,41.1
33,33088,bleuemarine,hach_orange,57.7
33,33089,bleuemarine,hach_orange,43.2
33,33090,orange,hach_rouge,45.8
33,33093,rouge,hach_orange,49.8
33,33094,bleuemarine,hach_orange,47.5
33,33095,rouge,hach_orange,45.2
33,33096,rouge,hach_orange,54.4
33,33097,bleuemarine,hach_rouge,46
33,33098,rouge,hach_orange,52.6
33,33099,orange,hach_rouge,49.2
33,33100,bleuemarine,hach_orange,43.6
33,33101,bleuemarine,hach_orange,49.9
33,33102,orange,hach_rouge,44.2
33,33103,rouge,hach_orange,18.8
33,33104,bleuemarine,hach_rouge,58
33,33105,rouge,hach_orange,45.7
33,33106,rouge,hach_orange,50.1
33,33108,bleuemarine,hach_orange,57.3
33,33109,rouge,hach_orange,52
33,33111,rouge,hach_orange,48.8
33,33112,orange,hach_rouge,41.6
33,33113,rouge,hach_orange,47.3
33,33114,bleuemarine,hach_orange,50.9
33,33115,rouge,hach_orange,42.3
33,33116,orange,hach_rouge,52.3
33,33117,orange,hach_rouge,40
33,33118,orange,hach_rouge,46.5
33,33119,rouge,hach_orange,61.3
33,33120,rouge,hach_orange,51.9
33,33121,rouge,hach_orange,51.3
33,33122,orange,hach_rouge,43.6
33,33123,bleuemarine,hach_orange,51.3
33,33124,bleuemarine,hach_orange,50.2
33,33125,bleuemarine,hach_rouge,53.1
33,33126,bleuemarine,hach_orange,47.8
33,33127,orange,hach_bleuemarine,35.2
33,33128,bleuemarine,hach_rouge,38.1
33,33129,rouge,hach_orange,44.1
33,33130,orange,hach_rouge,45.1
33,33131,orange,hach_rouge,44.7
33,33132,bleuemarine,hach_orange,35.1
33,33133,orange,hach_bleuemarine,21.9
33,33134,bleuemarine,hach_rouge,42.4
33,33135,rouge,hach_orange,37.8
33,33136,orange,hach_rouge,40.7
33,33137,rouge,hach_orange,31.1
33,33138,bleuemarine,hach_orange,54
33,33139,orange,hach_rouge,27.4
33,33140,rouge,hach_orange,51.5
33,33141,rouge,hach_orange,51.2
33,33142,bleuemarine,hach_orange,53.1
33,33143,bleuemarine,hach_orange,57.4
33,33144,rouge,hach_orange,43.1
33,33145,orange,hach_rouge,46.7
33,33146,bleuemarine,hach_rouge,57.4
33,33147,bleuemarine,hach_orange,58.2
33,33148,orange,hach_bleuemarine,40.8
33,33149,rouge,hach_orange,45.2
33,33150,orange,hach_rouge,40.7
33,33151,bleuemarine,hach_orange,53.1
33,33152,orange,hach_rouge,41.5
33,33153,orange,hach_bleuemarine,40.2
33,33154,bleuemarine,hach_orange,59.9
33,33155,rouge,hach_orange,37.3
33,33156,orange,hach_rouge,45.8
33,33157,bleuemarine,hach_orange,53
33,33158,rouge,hach_orange,45.4
33,33159,bleuemarine,hach_orange,52.9
33,33160,orange,hach_bleuemarine,41.2
33,33161,bleuemarine,hach_orange,52.6
33,33162,rouge,hach_bleuemarine,55.5
33,33163,orange,hach_rouge,53.3
33,33164,orange,hach_rouge,46.6
33,33165,orange,hach_rouge,50.1
33,33166,bleuemarine,hach_orange,57
33,33167,rouge,hach_orange,58.8
33,33168,bleuemarine,hach_orange,48.2
33,33169,rouge,hach_orange,44.9
33,33170,orange,hach_rouge,57.5
33,33171,rouge,hach_orange,51.3
33,33172,bleuemarine,hach_orange,43.7
33,33173,orange,hach_bleuemarine,43.9
33,33174,orange,hach_bleuemarine,49.2
33,33175,rouge,hach_orange,55.2
33,33176,orange,hach_rouge,51.3
33,33177,bleuemarine,hach_rouge,47.7
33,33178,orange,hach_rouge,46.5
33,33179,orange,hach_bleuemarine,51
33,33180,rouge,hach_orange,43.6
33,33181,orange,hach_bleuemarine,51.9
33,33182,orange,hach_bleuemarine,44.7
33,33183,bleuemarine,hach_orange,51.9
33,33184,bleuemarine,hach_orange,49.3
33,33185,orange,hach_bleuemarine,53.9
33,33186,bleuemarine,hach_orange,42.4
33,33187,rouge,hach_orange,52.6
33,33188,rouge,hach_orange,37.3
33,33189,rouge,hach_orange,44.2
33,33190,orange,hach_rouge,30.5
33,33191,bleuemarine,hach_orange,53.9
33,33192,orange,hach_rouge,45.6
33,33193,bleuemarine,hach_rouge,44.1
33,33194,orange,hach_bleuemarine,49.3
33,33195,orange,hach_rouge,43.6
33,33196,orange,hach_bleuemarine,40.1
33,33197,rouge,hach_orange,59.8
33,33198,bleuemarine,hach_orange,54.5
33,33199,orange,hach_bleuemarine,51.5
33,33200,orange,hach_rouge,48.7
33,33201,orange,hach_rouge,44.4
33,33202,rouge,hach_orange,52.4
33,33203,bleuemarine,hach_rouge,46.2
33,33204,rouge,hach_orange,42
33,33205,orange,hach_rouge,46.7
33,33206,rouge,hach_orange,48.5
33,33207,orange,hach_bleuemarine,60.1
33,33208,bleuemarine,hach_rouge,50.7
33,33209,bleuemarine,hach_orange,57.1
33,33210,orange,hach_bleuemarine,44
33,33211,bleuemarine,hach_rouge,58
33,33212,orange,hach_rouge,43
33,33213,orange,hach_rouge,48.5
33,33214,rouge,hach_bleuemarine,48.8
33,33215,orange,hach_rouge,47
33,33216,orange,hach_rouge,32.3
33,33218,bleuemarine,hach_orange,56.2
33,33219,bleuemarine,hach_orange,52.5
33,33220,bleuemarine,hach_rouge,58.8
33,33221,orange,hach_rouge,52.5
33,33222,orange,hach_bleuemarine,51.1
33,33223,orange,hach_rouge,37.1
33,33224,orange,hach_rouge,32.9
33,33225,rouge,hach_orange,56
33,33226,rouge,hach_orange,49.2
33,33227,orange,hach_rouge,50.3
33,33228,bleuemarine,hach_orange,51.8
33,33229,orange,hach_bleuemarine,51.8
33,33230,bleuemarine,hach_orange,56
33,33231,orange,hach_rouge,42.9
33,33232,rouge,hach_orange,42.3
33,33233,bleuemarine,hach_orange,58
33,33234,orange,hach_rouge,47.5
33,33235,orange,hach_rouge,56.6
33,33236,orange,hach_bleuemarine,49.5
33,33237,rouge,hach_orange,51.4
33,33238,orange,hach_rouge,49.2
33,33239,orange,hach_rouge,45.2
33,33240,bleuemarine,hach_rouge,56.4
33,33241,rouge,hach_orange,40.9
33,33242,bleuemarine,hach_orange,43.6
33,33243,orange,hach_bleuemarine,53.3
33,33244,rouge,hach_orange,42.3
33,33245,orange,hach_rouge,41.9
33,33246,bleuemarine,hach_orange,36
33,33247,orange,hach_rouge,57
33,33248,bleuemarine,hach_rouge,58.6
33,33249,rouge,hach_orange,64
33,33250,rouge,hach_orange,43.5
33,33251,rouge,hach_orange,57.2
33,33252,orange,hach_rouge,50.5
33,33253,rouge,hach_orange,49.1
33,33254,orange,hach_rouge,49.9
33,33255,rouge,hach_orange,40.9
33,33256,rouge,hach_bleuemarine,51
33,33257,orange,hach_bleuemarine,46.6
33,33258,orange,hach_rouge,50
33,33259,bleuemarine,hach_orange,50.1
33,33260,rouge,hach_orange,57.9
33,33261,orange,hach_bleuemarine,48.6
33,33262,bleuemarine,hach_rouge,55.8
33,33263,rouge,hach_orange,33.9
33,33264,bleuemarine,hach_orange,50.9
33,33266,bleuemarine,hach_orange,47.6
33,33268,bleuemarine,hach_rouge,56.8
33,33269,bleuemarine,hach_orange,48.4
33,33270,rouge,hach_orange,42.7
33,33271,rouge,hach_orange,47.6
33,33272,bleuemarine,hach_orange,55.8
33,33273,orange,hach_rouge,50.2
33,33274,orange,hach_rouge,47.4
33,33275,rouge,hach_orange,47.5
33,33276,orange,hach_rouge,42.9
33,33277,rouge,hach_orange,47.3
33,33278,orange,hach_rouge,39.6
33,33279,orange,hach_rouge,42.8
33,33280,bleuemarine,hach_orange,44
33,33281,rouge,hach_orange,49.6
33,33282,orange,hach_rouge,45
33,33283,rouge,hach_orange,43.5
33,33284,orange,hach_bleuemarine,56.2
33,33285,bleuemarine,hach_orange,37.5
33,33287,rouge,hach_orange,48.9
33,33288,orange,hach_rouge,45
33,33289,orange,hach_rouge,41.7
33,33290,orange,hach_bleuemarine,46.3
33,33291,rouge,hach_orange,44.2
33,33292,orange,hach_rouge,39.8
33,33293,orange,hach_rouge,56.8
33,33294,orange,hach_rouge,53.3
33,33295,orange,hach_bleuemarine,40
33,33296,bleuemarine,hach_orange,52.2
33,33297,bleuemarine,hach_rouge,52.1
33,33298,orange,hach_bleuemarine,50.5
33,33299,orange,hach_rouge,50.2
33,33300,bleuemarine,hach_rouge,47.6
33,33301,orange,hach_bleuemarine,47.4
33,33302,orange,hach_bleuemarine,49.8
33,33303,orange,hach_bleuemarine,45.8
33,33304,orange,hach_rouge,46.2
33,33305,orange,hach_rouge,44.6
33,33306,rouge,hach_orange,49.3
33,33307,rouge,hach_orange,49.8
33,33308,rouge,hach_orange,43.9
33,33309,bleuemarine,hach_rouge,50.5
33,33310,rouge,hach_orange,49.7
33,33311,rouge,hach_orange,48.5
33,33312,rouge,hach_bleuemarine,53.7
33,33314,bleuemarine,hach_rouge,56
33,33315,bleuemarine,hach_orange,56
33,33316,orange,hach_rouge,53.8
33,33317,bleuemarine,hach_orange,54
33,33318,orange,hach_rouge,48.9
33,33319,orange,hach_bleuemarine,44
33,33320,bleuemarine,hach_orange,53.3
33,33321,bleuemarine,hach_orange,50.6
33,33322,rouge,hach_bleuemarine,51.7
33,33323,rouge,hach_orange,50.3
33,33324,bleuemarine,hach_orange,48.3
33,33325,orange,hach_bleuemarine,39.8
33,33326,bleuemarine,hach_orange,49.2
33,33327,rouge,hach_orange,57.1
33,33328,orange,hach_bleuemarine,52.2
33,33329,rouge,hach_orange,41.1
33,33330,orange,hach_rouge,45.7
33,33331,orange,hach_rouge,44.1
33,33332,bleuemarine,hach_orange,45.8
33,33333,bleuemarine,hach_rouge,52.2
33,33334,rouge,hach_orange,52.1
33,33335,orange,hach_rouge,43.9
33,33336,rouge,hach_orange,45.1
33,33337,orange,hach_rouge,51.7
33,33339,bleuemarine,hach_orange,51.2
33,33341,bleuemarine,hach_orange,50.2
33,33342,orange,hach_bleuemarine,44.7
33,33343,rouge,hach_orange,47.1
33,33344,bleuemarine,hach_orange,49.1
33,33345,orange,hach_rouge,47.6
33,33346,orange,hach_rouge,43.3
33,33347,bleuemarine,hach_orange,45.7
33,33348,bleuemarine,hach_rouge,50.3
33,33349,orange,hach_rouge,45.1
33,33350,bleuemarine,hach_orange,55.6
33,33351,bleuemarine,hach_orange,56.9
33,33352,rouge,hach_orange,60.3
33,33353,orange,hach_rouge,39.4
33,33354,orange,hach_bleuemarine,41.7
33,33355,rouge,hach_orange,45.8
33,33356,orange,hach_bleuemarine,43.1
33,33357,orange,hach_rouge,48.5
33,33358,rouge,hach_orange,51
33,33359,rouge,hach_orange,56
33,33360,bleuemarine,hach_orange,46.7
33,33361,orange,hach_rouge,44
33,33362,bleuemarine,hach_orange,53.6
33,33363,rouge,hach_orange,50.4
33,33364,orange,hach_bleuemarine,43.7
33,33365,orange,hach_bleuemarine,44
33,33366,bleuemarine,hach_orange,57.1
33,33367,orange,hach_rouge,44.2
33,33369,bleuemarine,hach_orange,48.8
33,33370,bleuemarine,hach_orange,40
33,33372,orange,hach_rouge,56.4
33,33373,bleuemarine,hach_orange,44.3
33,33374,bleuemarine,hach_orange,48.2
33,33375,orange,hach_bleuemarine,42.4
33,33376,orange,hach_rouge,45.4
33,33377,orange,hach_bleuemarine,44.4
33,33378,bleuemarine,hach_orange,50
33,33379,orange,hach_rouge,52.3
33,33380,bleuemarine,hach_orange,50.3
33,33381,rouge,hach_orange,52.9
33,33382,bleuemarine,hach_orange,52.7
33,33383,bleuemarine,hach_rouge,43.6
33,33384,orange,hach_bleuemarine,44.2
33,33385,bleuemarine,hach_orange,57.8
33,33386,bleuemarine,hach_orange,42.1
33,33387,bleuemarine,hach_orange,65.4
33,33388,bleuemarine,hach_orange,53.7
33,33389,bleuemarine,hach_orange,52.1
33,33390,bleuemarine,hach_orange,49.7
33,33391,orange,hach_rouge,48.9
33,33392,rouge,hach_orange,49.9
33,33393,bleuemarine,hach_orange,53.3
33,33394,orange,hach_bleuemarine,48.8
33,33395,bleuemarine,hach_rouge,55.9
33,33396,bleuemarine,hach_orange,46.5
33,33397,rouge,hach_orange,55
33,33398,orange,hach_rouge,48.4
33,33399,orange,hach_rouge,60
33,33400,orange,hach_rouge,48.4
33,33401,orange,hach_bleuemarine,40.7
33,33402,orange,hach_bleuemarine,54.6
33,33403,orange,hach_rouge,38.2
33,33404,orange,hach_rouge,40.5
33,33405,orange,hach_bleuemarine,37.7
33,33406,bleuemarine,hach_orange,42.4
33,33407,bleuemarine,hach_orange,55.6
33,33408,orange,hach_rouge,41.9
33,33409,orange,hach_rouge,40.6
33,33411,orange,hach_rouge,46.7
33,33412,bleuemarine,hach_rouge,54.1
33,33413,orange,hach_bleuemarine,51.6
33,33414,orange,hach_bleuemarine,48.6
33,33415,bleuemarine,hach_orange,50.8
33,33416,bleuemarine,hach_orange,47.6
33,33417,bleuemarine,hach_rouge,53.9
33,33418,rouge,hach_orange,54.1
33,33419,orange,hach_rouge,45.8
33,33420,bleuemarine,hach_orange,44.6
33,33421,orange,hach_bleuemarine,54.8
33,33422,orange,hach_rouge,52.7
33,33423,bleuemarine,hach_rouge,53.6
33,33424,bleuemarine,hach_rouge,53.8
33,33425,bleuemarine,hach_orange,44.3
33,33426,orange,hach_bleuemarine,32.2
33,33427,orange,hach_rouge,46.4
33,33428,orange,hach_rouge,52.3
33,33429,rouge,hach_orange,56.4
33,33431,rouge,hach_orange,55
33,33432,rouge,hach_orange,41.4
33,33433,rouge,hach_orange,54.2
33,33434,rouge,hach_orange,57.4
33,33435,rouge,hach_orange,54
33,33436,rouge,hach_orange,57.2
33,33437,bleuemarine,hach_orange,53.5
33,33438,rouge,hach_orange,49.8
33,33439,bleuemarine,hach_orange,51.7
33,33440,rouge,hach_orange,40
33,33441,bleuemarine,hach_orange,40.4
33,33442,bleuemarine,hach_orange,51.1
33,33443,orange,hach_rouge,41.1
33,33444,orange,hach_rouge,48.6
33,33445,bleuemarine,hach_orange,52.5
33,33446,orange,hach_rouge,46.3
33,33447,bleuemarine,hach_orange,54.4
33,33448,orange,hach_rouge,52
33,33449,orange,hach_rouge,47.1
33,33450,rouge,hach_orange,38.8
33,33451,orange,hach_bleuemarine,52.9
33,33452,rouge,hach_orange,48.7
33,33453,orange,hach_rouge,50.6
33,33454,orange,hach_rouge,51.9
33,33456,bleuemarine,hach_orange,46
33,33457,orange,hach_rouge,46.1
33,33458,bleuemarine,hach_orange,43.4
33,33459,bleuemarine,hach_orange,38.6
33,33460,bleuemarine,hach_orange,45.1
33,33461,bleuemarine,hach_orange,44.4
33,33462,bleuemarine,hach_orange,44.3
33,33463,rouge,hach_orange,52.6
33,33464,rouge,hach_orange,47.2
33,33465,rouge,hach_orange,50.5
33,33466,bleuemarine,hach_orange,57.8
33,33467,orange,hach_bleuemarine,44.5
33,33468,bleuemarine,hach_orange,46.1
33,33470,bleuemarine,hach_orange,47.5
33,33471,bleuemarine,hach_rouge,50.7
33,33472,orange,hach_bleuemarine,55.4
33,33473,bleuemarine,hach_orange,50.4
33,33474,rouge,hach_orange,52.2
33,33475,bleuemarine,hach_orange,49.2
33,33476,bleuemarine,hach_rouge,52.3
33,33477,bleuemarine,hach_orange,47.1
33,33478,bleuemarine,hach_orange,57
33,33479,orange,hach_rouge,41.9
33,33480,orange,hach_bleuemarine,50.7
33,33481,rouge,hach_orange,41.1
33,33482,orange,hach_rouge,39
33,33483,orange,hach_rouge,52.6
33,33484,rouge,hach_orange,48
33,33485,orange,hach_bleuemarine,45.8
33,33486,bleuemarine,hach_orange,50
33,33487,rouge,hach_orange,64.2
33,33488,orange,hach_bleuemarine,45.3
33,33489,bleuemarine,hach_orange,46.8
33,33490,bleuemarine,hach_rouge,45.3
33,33491,orange,hach_rouge,43.5
33,33492,bleuemarine,hach_orange,53
33,33493,bleuemarine,hach_rouge,38.3
33,33494,bleuemarine,hach_rouge,48
33,33496,orange,hach_rouge,46.9
33,33498,orange,hach_rouge,53.2
33,33499,bleuemarine,hach_orange,43.3
33,33500,bleuemarine,hach_orange,42.8
33,33501,orange,hach_rouge,50.3
33,33502,bleuemarine,hach_orange,58
33,33503,bleuemarine,hach_rouge,40.3
33,33504,orange,hach_rouge,49.5
33,33505,rouge,hach_orange,54.5
33,33506,orange,hach_rouge,51.3
33,33507,rouge,hach_orange,42.6
33,33508,orange,hach_rouge,44.4
33,33509,bleuemarine,hach_orange,37.4
33,33510,rouge,hach_orange,42.5
33,33511,orange,hach_rouge,43.8
33,33512,rouge,hach_orange,43.5
33,33513,orange,hach_rouge,32.1
33,33514,bleuemarine,hach_rouge,51.7
33,33515,orange,hach_rouge,53.9
33,33516,orange,hach_rouge,50
33,33517,bleuemarine,hach_rouge,53.7
33,33518,rouge,hach_orange,40.6
33,33519,orange,hach_rouge,49.3
33,33520,rouge,hach_orange,55.5
33,33521,bleuemarine,hach_rouge,50.9
33,33522,rouge,hach_orange,49.5
33,33523,rouge,hach_orange,53.9
33,33524,orange,hach_bleuemarine,39.9
33,33525,bleuemarine,hach_orange,51.1
33,33526,orange,hach_bleuemarine,33.3
33,33527,orange,hach_bleuemarine,54.9
33,33528,bleuemarine,hach_rouge,47.8
33,33529,orange,hach_bleuemarine,52.7
33,33530,bleuemarine,hach_orange,47.2
33,33531,orange,hach_bleuemarine,52.8
33,33532,bleuemarine,hach_orange,45.3
33,33533,rouge,hach_orange,51
33,33534,rouge,hach_orange,47.5
33,33535,rouge,hach_orange,50.5
33,33536,rouge,hach_orange,47
33,33537,rouge,hach_orange,34
33,33538,bleuemarine,hach_rouge,42.4
33,33539,orange,hach_bleuemarine,50.5
33,33540,bleuemarine,hach_rouge,48.9
33,33541,bleuemarine,hach_rouge,44.3
33,33542,bleuemarine,hach_orange,51.1
33,33543,rouge,hach_orange,53.7
33,33544,bleuemarine,hach_rouge,46.1
33,33545,bleuemarine,hach_rouge,50.3
33,33546,orange,hach_bleuemarine,50
33,33547,rouge,hach_orange,42.8
33,33548,bleuemarine,hach_orange,46.1
33,33549,orange,hach_rouge,37
40,40008,rouge,hach_orange,41.3
40,40014,orange,hach_rouge,50.2
40,40015,orange,hach_rouge,23.8
40,40019,rouge,hach_orange,44.1
40,40030,orange,hach_rouge,37.3
40,40032,rouge,hach_orange,52.8
40,40033,rouge,hach_orange,39.8
40,40037,orange,hach_rouge,45.6
40,40039,orange,hach_rouge,52
40,40043,rouge,hach_orange,46.7
40,40046,orange,hach_rouge,53.7
40,40050,orange,hach_rouge,33.1
40,40051,orange,hach_rouge,49.5
40,40053,rouge,hach_orange,50.2
40,40055,orange,hach_rouge,48.5
40,40056,orange,hach_rouge,45.4
40,40058,rouge,hach_orange,48
40,40060,rouge,hach_orange,41.9
40,40061,orange,hach_rouge,50.2
40,40062,orange,hach_rouge,50.4
40,40064,rouge,hach_orange,36.1
40,40075,orange,hach_rouge,49
40,40081,orange,hach_rouge,48.2
40,40085,rouge,hach_orange,46.6
40,40087,orange,hach_rouge,40.7
40,40093,orange,hach_rouge,47
40,40094,rouge,hach_orange,48.2
40,40096,orange,hach_rouge,39.8
40,40102,orange,hach_rouge,53.2
40,40103,orange,hach_rouge,43.6
40,40105,rouge,hach_orange,49.2
40,40108,orange,hach_rouge,49.6
40,40111,orange,hach_rouge,48.2
40,40122,orange,hach_rouge,47.3
40,40124,rouge,hach_orange,38.6
40,40131,orange,hach_rouge,42
40,40134,rouge,hach_orange,52.5
40,40135,orange,hach_rouge,47.3
40,40139,orange,hach_rouge,43.3
40,40140,orange,hach_rouge,49
40,40297,rouge,hach_orange,46.9
40,40149,orange,hach_rouge,40.2
40,40150,orange,hach_rouge,44.9
40,40154,orange,hach_rouge,32.3
40,40155,orange,hach_rouge,40.9
40,40156,orange,hach_rouge,54.6
40,40157,orange,hach_rouge,40.9
40,40158,rouge,hach_orange,44
40,40161,orange,hach_rouge,51.1
40,40162,orange,hach_rouge,53.5
40,40163,rouge,hach_orange,42.7
40,40165,orange,hach_rouge,43.9
40,40167,orange,hach_rouge,38.3
40,40169,orange,hach_rouge,39.6
40,40170,rouge,hach_orange,36.2
40,40171,orange,hach_rouge,43.5
40,40176,orange,hach_rouge,30.3
40,40178,orange,hach_rouge,48.5
40,40182,orange,hach_rouge,45.5
40,40184,orange,hach_rouge,48.5
40,40192,orange,hach_rouge,52.7
40,40200,orange,hach_rouge,52.4
40,40217,orange,hach_rouge,53.7
40,40218,orange,hach_rouge,46.3
40,40227,rouge,hach_orange,53
40,40229,rouge,hach_orange,51.7
40,40234,orange,hach_rouge,48.5
40,40164,orange,hach_rouge,48.6
40,40242,orange,hach_rouge,35.6
40,40245,orange,hach_rouge,51.2
40,40246,rouge,hach_orange,44.8
40,40250,orange,hach_rouge,51.5
40,40262,orange,hach_rouge,45.7
40,40265,rouge,hach_orange,39.8
40,40266,rouge,hach_orange,39.3
40,40267,orange,hach_rouge,45.7
40,40274,orange,hach_rouge,50.3
40,40276,orange,hach_rouge,32.6
40,40278,orange,hach_rouge,48.5
40,40280,orange,hach_rouge,48
40,40281,orange,hach_rouge,52.9
40,40257,orange,hach_rouge,51.3
40,40287,orange,hach_rouge,49.8
40,40288,orange,hach_rouge,46.8
40,40295,rouge,hach_orange,57.1
40,40303,orange,hach_rouge,54.5
40,40307,rouge,hach_orange,41.9
40,40311,rouge,hach_orange,49.7
40,40319,orange,hach_rouge,41.7
40,40320,orange,hach_rouge,47.1
40,40322,rouge,hach_orange,34.3
40,40323,rouge,hach_orange,51.9
40,40326,orange,hach_rouge,45.7
40,40327,orange,hach_rouge,42.2
40,40332,rouge,hach_orange,54.5
40,40003,rouge,hach_orange,52.9
40,40004,orange,hach_rouge,52.9
40,40021,rouge,hach_orange,43.3
40,40035,rouge,hach_orange,40.2
40,40036,rouge,hach_orange,56
40,40042,rouge,hach_orange,47.4
40,40044,orange,hach_rouge,46.5
40,40063,orange,hach_rouge,49.7
40,40065,orange,hach_rouge,49.1
40,40088,orange,hach_rouge,50.2
40,40114,orange,hach_rouge,42.7
40,40123,orange,hach_rouge,49.9
40,40125,orange,hach_rouge,40.9
40,40129,orange,hach_rouge,53.6
40,40133,rouge,hach_orange,51.4
40,40168,orange,hach_rouge,44.6
40,40179,orange,hach_rouge,49.4
40,40181,orange,hach_rouge,40.4
40,40187,orange,hach_rouge,45.8
40,40202,orange,hach_rouge,51.4
40,40207,orange,hach_rouge,45.7
40,40209,rouge,hach_orange,48.4
40,40213,orange,hach_rouge,37.8
40,40244,rouge,hach_orange,48.6
40,40248,orange,hach_rouge,47.4
40,40251,orange,hach_rouge,42.1
40,40261,orange,hach_rouge,47.9
40,40264,rouge,hach_orange,48.1
40,40268,orange,hach_rouge,43.5
40,40272,rouge,hach_orange,48.3
40,40273,orange,hach_rouge,48.1
40,40277,orange,hach_rouge,41.9
40,40279,orange,hach_rouge,47.9
40,40283,rouge,hach_orange,46.8
40,40284,rouge,hach_orange,51.6
40,40271,rouge,hach_orange,45.7
40,40291,orange,hach_rouge,47.6
40,40292,orange,hach_rouge,48.8
40,40293,orange,hach_rouge,52.3
40,40294,orange,hach_rouge,46.9
40,40296,orange,hach_rouge,48.9
40,40300,rouge,hach_orange,42.8
40,40301,orange,hach_rouge,47.7
40,40304,orange,hach_rouge,45.4
40,40310,orange,hach_rouge,47.3
40,40312,rouge,hach_orange,48.6
40,40314,orange,hach_rouge,47.4
40,40315,rouge,hach_orange,45.8
40,40317,orange,hach_rouge,51.1
40,40328,orange,hach_rouge,40.7
40,40334,rouge,hach_orange,44.8
40,40001,rouge,hach_orange,49.3
40,40002,rouge,hach_orange,44.5
40,40005,orange,hach_rouge,38.6
40,40006,rouge,hach_orange,48.4
40,40007,rouge,hach_orange,32.4
40,40011,rouge,hach_orange,44.4
40,40012,rouge,hach_orange,52.7
40,40013,orange,hach_rouge,42
40,40016,rouge,hach_orange,41.2
40,40017,rouge,hach_orange,47.5
40,40018,orange,hach_rouge,40.5
40,40020,rouge,hach_orange,45.1
40,40022,orange,hach_rouge,47
40,40023,rouge,hach_orange,52.5
40,40024,rouge,hach_orange,31.9
40,40026,rouge,hach_orange,38.8
40,40025,rouge,hach_orange,48.7
40,40027,rouge,hach_orange,37.2
40,40028,rouge,hach_orange,40.8
40,40029,rouge,hach_orange,48.3
40,40031,rouge,hach_orange,48
40,40034,rouge,hach_orange,45.5
40,40038,rouge,hach_orange,28.3
40,40040,rouge,hach_orange,46.7
40,40041,rouge,hach_orange,30.4
40,40047,rouge,hach_orange,37.2
40,40049,rouge,hach_orange,44.5
40,40052,orange,hach_rouge,39.3
40,40054,rouge,hach_orange,46.6
40,40057,rouge,hach_orange,49.3
40,40059,rouge,hach_orange,45.8
40,40066,rouge,hach_orange,48.7
40,40067,rouge,hach_orange,45.3
40,40068,rouge,hach_orange,45.9
40,40069,rouge,hach_orange,38.2
40,40070,rouge,hach_orange,37.7
40,40074,rouge,hach_orange,47.2
40,40071,rouge,hach_orange,45.7
40,40072,rouge,hach_orange,43.9
40,40073,rouge,hach_orange,29
40,40076,rouge,hach_orange,48.4
40,40077,rouge,hach_orange,47.1
40,40078,rouge,hach_orange,35.4
40,40079,orange,hach_rouge,32.8
40,40080,rouge,hach_orange,53.8
40,40082,rouge,hach_orange,45.6
40,40083,rouge,hach_orange,40.8
40,40084,rouge,hach_orange,50.3
40,40086,rouge,hach_orange,48
40,40089,rouge,hach_orange,41.3
40,40090,rouge,hach_orange,40.8
40,40091,rouge,hach_orange,44.1
40,40092,rouge,hach_orange,45.3
40,40095,rouge,hach_orange,42.9
40,40097,rouge,hach_orange,45.4
40,40098,rouge,hach_orange,43.8
40,40099,rouge,hach_orange,39.1
40,40101,rouge,hach_orange,40
40,40104,rouge,hach_orange,48.1
40,40106,rouge,hach_orange,38.2
40,40109,rouge,hach_orange,41.6
40,40110,rouge,hach_orange,43.2
40,40112,orange,hach_rouge,36.1
40,40113,rouge,hach_orange,53.9
40,40115,rouge,hach_orange,47.9
40,40116,rouge,hach_orange,41
40,40117,rouge,hach_orange,55.2
40,40118,rouge,hach_orange,47.2
40,40119,orange,hach_rouge,40.6
40,40120,rouge,hach_orange,42.8
40,40121,rouge,hach_orange,36.7
40,40126,rouge,hach_orange,44.8
40,40127,rouge,hach_orange,42.7
40,40128,rouge,hach_orange,31
40,40130,orange,hach_rouge,41.1
40,40132,rouge,hach_orange,52.4
40,40136,rouge,hach_orange,45.4
40,40137,rouge,hach_orange,46.5
40,40138,rouge,hach_orange,40.5
40,40141,rouge,hach_orange,43.3
40,40142,rouge,hach_orange,54.5
40,40143,rouge,hach_orange,51.3
40,40144,rouge,hach_orange,38.2
40,40145,rouge,hach_orange,42.3
40,40146,rouge,hach_orange,50.4
40,40147,rouge,hach_orange,38.7
40,40148,orange,hach_rouge,40
40,40100,rouge,hach_orange,53.7
40,40153,orange,hach_rouge,49
40,40329,rouge,hach_orange,43.1
40,40151,rouge,hach_orange,48.7
40,40152,rouge,hach_orange,54.6
40,40159,rouge,hach_orange,49.6
40,40160,rouge,hach_orange,42.9
40,40166,rouge,hach_orange,44
40,40172,orange,hach_rouge,34.5
40,40173,rouge,hach_orange,35.8
40,40174,rouge,hach_orange,54.9
40,40175,rouge,hach_orange,40.9
40,40177,rouge,hach_orange,25.7
40,40180,orange,hach_rouge,52.6
40,40183,rouge,hach_orange,44.1
40,40185,orange,hach_rouge,52.7
40,40186,rouge,hach_orange,46.5
40,40188,rouge,hach_orange,43.5
40,40189,rouge,hach_orange,28.4
40,40190,rouge,hach_orange,42.4
40,40191,rouge,hach_orange,34.6
40,40193,rouge,hach_orange,37.1
40,40194,rouge,hach_orange,49.7
40,40195,rouge,hach_orange,48
40,40196,rouge,hach_orange,50.1
40,40197,rouge,hach_orange,49.3
40,40198,rouge,hach_orange,26.3
40,40199,rouge,hach_orange,39.4
40,40201,rouge,hach_orange,38.7
40,40203,rouge,hach_orange,41
40,40204,rouge,hach_orange,37.9
40,40205,rouge,hach_orange,47.8
40,40206,orange,hach_rouge,51.3
40,40208,rouge,hach_orange,46.6
40,40210,rouge,hach_orange,44.8
40,40211,rouge,hach_orange,50
40,40212,rouge,hach_orange,49.8
40,40214,rouge,hach_orange,44.8
40,40215,rouge,hach_orange,41.1
40,40216,rouge,hach_orange,41.9
40,40219,rouge,hach_orange,51.9
40,40220,rouge,hach_orange,39
40,40221,rouge,hach_orange,35.6
40,40222,rouge,hach_orange,51.7
40,40223,rouge,hach_orange,46.4
40,40224,rouge,hach_orange,53.1
40,40225,orange,hach_rouge,47.3
40,40226,orange,hach_rouge,39.4
40,40228,rouge,hach_orange,44.5
40,40230,rouge,hach_orange,48.8
40,40231,rouge,hach_orange,46.4
40,40232,rouge,hach_orange,45.5
40,40233,rouge,hach_orange,49.2
40,40235,rouge,hach_orange,49.8
40,40236,rouge,hach_orange,47.3
40,40237,rouge,hach_orange,54.1
40,40238,rouge,hach_orange,47.5
40,40239,rouge,hach_orange,44.7
40,40240,rouge,hach_orange,51.4
40,40243,rouge,hach_orange,52.3
40,40247,rouge,hach_orange,46.1
40,40249,rouge,hach_orange,34.4
40,40253,rouge,hach_orange,39.7
40,40254,rouge,hach_orange,55.8
40,40255,rouge,hach_orange,47.3
40,40256,rouge,hach_orange,48.1
40,40259,rouge,hach_orange,48.8
40,40260,rouge,hach_orange,46.9
40,40263,rouge,hach_orange,55.8
40,40269,rouge,hach_orange,47.3
40,40270,orange,hach_rouge,48.9
40,40275,rouge,hach_orange,50.6
40,40282,rouge,hach_orange,48.9
40,40285,rouge,hach_orange,49
40,40252,rouge,hach_orange,46.1
40,40258,rouge,hach_orange,42.9
40,40286,rouge,hach_orange,51.9
40,40289,rouge,hach_orange,43.5
40,40290,orange,hach_rouge,53.7
40,40298,rouge,hach_orange,42.2
40,40299,rouge,hach_orange,33.1
40,40305,orange,hach_rouge,40.8
40,40306,rouge,hach_orange,46.5
40,40308,rouge,hach_orange,48.5
40,40309,rouge,hach_orange,42.8
40,40313,rouge,hach_orange,47
40,40316,rouge,hach_orange,47.3
40,40318,rouge,hach_orange,37.9
40,40321,rouge,hach_orange,44.7
40,40324,rouge,hach_orange,52.8
40,40325,rouge,hach_orange,40.7
40,40330,rouge,hach_orange,34.8
40,40331,rouge,hach_orange,52
40,40333,rouge,hach_orange,49.2
47,47001,orange,hach_bleuemarine,57
47,47009,orange,hach_bleuemarine,47.7
47,47015,orange,hach_bleuemarine,50.9
47,47016,bleuemarine,hach_orange,45.8
47,47019,bleuemarine,hach_orange,46.6
47,47021,bleuemarine,hach_orange,46.7
47,47031,orange,hach_bleuemarine,51.2
47,47032,orange,hach_bleuemarine,50.1
47,47040,orange,hach_bleuemarine,48.2
47,47041,bleuemarine,hach_orange,44.8
47,47045,orange,hach_bleuemarine,42.4
47,47051,bleuemarine,hach_orange,44.9
47,47060,bleuemarine,hach_orange,47.6
47,47067,bleuemarine,hach_orange,45.6
47,47069,bleuemarine,hach_orange,49.1
47,47076,bleuemarine,hach_orange,40.2
47,47090,bleuemarine,hach_orange,42.5
47,47091,bleuemarine,hach_orange,51.5
47,47092,bleuemarine,hach_orange,40.2
47,47097,bleuemarine,hach_orange,51.9
47,47098,bleuemarine,hach_orange,47.3
47,47100,orange,hach_bleuemarine,49.8
47,47102,bleuemarine,hach_orange,42.2
47,47103,bleuemarine,hach_orange,43
47,47113,orange,hach_bleuemarine,42.5
47,47128,bleuemarine,hach_orange,49.3
47,47133,orange,hach_bleuemarine,40.5
47,47134,orange,hach_bleuemarine,41
47,47137,bleuemarine,hach_orange,46.5
47,47139,orange,hach_bleuemarine,30.1
47,47143,orange,hach_bleuemarine,50.8
47,47145,orange,hach_bleuemarine,52.2
47,47201,orange,hach_bleuemarine,50.2
47,47158,bleuemarine,hach_orange,39.6
47,47167,orange,hach_bleuemarine,47.9
47,47169,orange,hach_bleuemarine,40.1
47,47172,bleuemarine,hach_orange,51.2
47,47174,orange,hach_bleuemarine,42.9
47,47180,orange,hach_bleuemarine,40.7
47,47186,bleuemarine,hach_orange,48.5
47,47176,orange,hach_bleuemarine,42.4
47,47195,orange,hach_bleuemarine,49.4
47,47197,bleuemarine,hach_orange,50.5
47,47207,bleuemarine,hach_orange,41.8
47,47209,bleuemarine,hach_orange,50.5
47,47211,bleuemarine,hach_orange,36.5
47,47217,bleuemarine,hach_orange,44.1
47,47221,bleuemarine,hach_orange,42.9
47,47225,orange,hach_bleuemarine,48.6
47,47234,bleuemarine,hach_orange,44.2
47,47246,bleuemarine,hach_orange,47.8
47,47248,bleuemarine,hach_orange,43.6
47,47249,orange,hach_bleuemarine,38.4
47,47262,bleuemarine,hach_orange,46.8
47,47266,bleuemarine,hach_orange,49.5
47,47269,bleuemarine,hach_orange,49.3
47,47274,bleuemarine,hach_orange,48.1
47,47279,orange,hach_bleuemarine,50.2
47,47281,bleuemarine,hach_orange,46.5
47,47282,bleuemarine,hach_orange,48.3
47,47238,bleuemarine,hach_orange,48.6
47,47258,orange,hach_bleuemarine,46.9
47,47287,bleuemarine,hach_orange,43.4
47,47293,bleuemarine,hach_orange,46.8
47,47300,bleuemarine,hach_orange,53.3
47,47302,orange,hach_bleuemarine,49.5
47,47308,bleuemarine,hach_orange,43.6
47,47318,bleuemarine,hach_orange,47.3
47,47327,orange,hach_bleuemarine,46.2
47,47002,orange,hach_bleuemarine,34.9
47,47003,bleuemarine,hach_orange,42.3
47,47004,bleuemarine,hach_rouge,51.8
47,47005,orange,hach_bleuemarine,36.1
47,47007,bleuemarine,hach_orange,40.1
47,47008,bleuemarine,hach_rouge,39.1
47,47010,bleuemarine,hach_rouge,40.1
47,47012,bleuemarine,hach_orange,38.8
47,47013,bleuemarine,hach_rouge,43.7
47,47014,bleuemarine,hach_rouge,48.1
47,47018,bleuemarine,hach_orange,35.4
47,47020,rouge,hach_bleuemarine,28.5
47,47022,rouge,hach_orange,42.2
47,47024,bleuemarine,hach_rouge,40.6
47,47026,orange,hach_rouge,38.3
47,47028,bleuemarine,hach_orange,43.1
47,47034,bleuemarine,hach_rouge,47
47,47035,bleuemarine,hach_orange,38
47,47038,bleuemarine,hach_orange,40.7
47,47039,rouge,hach_bleuemarine,25.6
47,47042,bleuemarine,hach_orange,39.1
47,47043,bleuemarine,hach_orange,51.2
47,47046,bleuemarine,hach_rouge,46.5
47,47047,bleuemarine,hach_orange,35
47,47052,bleuemarine,hach_orange,43.6
47,47054,bleuemarine,hach_orange,49.5
47,47056,bleuemarine,hach_orange,42.4
47,47058,bleuemarine,hach_rouge,51.1
47,47059,bleuemarine,hach_orange,36.2
47,47061,bleuemarine,hach_rouge,49.3
47,47065,bleuemarine,hach_rouge,44.1
47,47066,orange,hach_bleuemarine,41.4
47,47068,bleuemarine,hach_orange,43.8
47,47071,bleuemarine,hach_orange,39.2
47,47074,bleuemarine,hach_orange,37.9
47,47078,bleuemarine,hach_rouge,46.5
47,47085,bleuemarine,hach_orange,43.8
47,47086,orange,hach_bleuemarine,41.6
47,47088,bleuemarine,hach_orange,48.3
47,47089,bleuemarine,hach_rouge,37.3
47,47093,bleuemarine,hach_orange,37.2
47,47094,bleuemarine,hach_rouge,41.9
47,47095,bleuemarine,hach_orange,42.5
47,47101,bleuemarine,hach_rouge,39.6
47,47104,bleuemarine,hach_rouge,34
47,47107,bleuemarine,hach_rouge,36
47,47108,bleuemarine,hach_orange,45.1
47,47110,bleuemarine,hach_orange,44.3
47,47112,bleuemarine,hach_rouge,43.5
47,47114,bleuemarine,hach_orange,42.4
47,47115,bleuemarine,hach_rouge,34.5
47,47118,bleuemarine,hach_rouge,36.1
47,47119,bleuemarine,hach_rouge,45.4
47,47120,orange,hach_rouge,29.1
47,47222,bleuemarine,hach_orange,42.7
47,47290,bleuemarine,hach_orange,40.2
47,47121,rouge,hach_bleuemarine,40.2
47,47122,orange,hach_rouge,39.1
47,47126,bleuemarine,hach_rouge,32.4
47,47127,bleuemarine,hach_orange,43.7
47,47129,orange,hach_rouge,36.8
47,47130,rouge,hach_bleuemarine,41.6
47,47131,bleuemarine,hach_orange,47.8
47,47135,bleuemarine,hach_rouge,42.9
47,47136,bleuemarine,hach_orange,35.8
47,47142,orange,hach_bleuemarine,39.2
47,47144,bleuemarine,hach_orange,41.3
47,47159,bleuemarine,hach_rouge,43.2
47,47147,rouge,hach_bleuemarine,43.2
47,47148,bleuemarine,hach_rouge,40
47,47150,bleuemarine,hach_rouge,39.9
47,47151,orange,hach_bleuemarine,33.5
47,47156,bleuemarine,hach_orange,47.5
47,47157,rouge,hach_orange,49.7
47,47163,bleuemarine,hach_orange,39.9
47,47165,bleuemarine,hach_rouge,43.2
47,47168,bleuemarine,hach_orange,43.8
47,47177,bleuemarine,hach_orange,33.1
47,47187,bleuemarine,hach_orange,44.1
47,47188,rouge,hach_bleuemarine,38
47,47189,bleuemarine,hach_orange,34
47,47191,bleuemarine,hach_rouge,42.3
47,47194,bleuemarine,hach_rouge,37.6
47,47196,bleuemarine,hach_rouge,47.4
47,47199,orange,hach_bleuemarine,38
47,47204,bleuemarine,hach_orange,28.7
47,47205,bleuemarine,hach_rouge,32.3
47,47208,bleuemarine,hach_rouge,39
47,47210,rouge,hach_bleuemarine,44.2
47,47212,bleuemarine,hach_orange,38.7
47,47214,bleuemarine,hach_orange,43.9
47,47216,bleuemarine,hach_rouge,41.9
47,47218,bleuemarine,hach_orange,38.3
47,47220,bleuemarine,hach_orange,37.6
47,47226,bleuemarine,hach_orange,32
47,47227,orange,hach_bleuemarine,42.7
47,47229,bleuemarine,hach_orange,34.9
47,47231,bleuemarine,hach_orange,36.9
47,47232,bleuemarine,hach_rouge,42.3
47,47235,bleuemarine,hach_orange,45.8
47,47245,bleuemarine,hach_orange,33.3
47,47247,rouge,hach_orange,37
47,47250,bleuemarine,hach_rouge,35.2
47,47251,orange,hach_bleuemarine,40.4
47,47254,orange,hach_rouge,37.7
47,47257,bleuemarine,hach_orange,46
47,47263,bleuemarine,hach_rouge,39
47,47264,bleuemarine,hach_orange,41.4
47,47267,bleuemarine,hach_rouge,39.9
47,47271,bleuemarine,hach_rouge,36.6
47,47275,bleuemarine,hach_rouge,41.1
47,47277,bleuemarine,hach_rouge,36.9
47,47278,bleuemarine,hach_rouge,42.5
47,47233,bleuemarine,hach_orange,46.6
47,47236,bleuemarine,hach_rouge,32.5
47,47244,bleuemarine,hach_orange,39.7
47,47253,bleuemarine,hach_orange,44.8
47,47285,bleuemarine,hach_rouge,36.5
47,47286,bleuemarine,hach_rouge,33.7
47,47294,bleuemarine,hach_orange,37.3
47,47296,bleuemarine,hach_orange,44.6
47,47298,bleuemarine,hach_rouge,30.8
47,47301,bleuemarine,hach_rouge,41.2
47,47303,bleuemarine,hach_orange,33.1
47,47304,rouge,hach_bleuemarine,47.2
47,47310,bleuemarine,hach_rouge,51.2
47,47316,bleuemarine,hach_rouge,42.3
47,47317,bleuemarine,hach_rouge,38.8
47,47320,bleuemarine,hach_orange,40.4
47,47321,orange,hach_bleuemarine,40.5
47,47325,bleuemarine,hach_orange,42.1
47,47326,rouge,hach_bleuemarine,36.8
47,47006,bleuemarine,hach_rouge,47.5
47,47011,rouge,hach_bleuemarine,39.1
47,47017,bleuemarine,hach_rouge,45.1
47,47023,rouge,hach_bleuemarine,39.9
47,47025,bleuemarine,hach_rouge,44.1
47,47027,bleuemarine,hach_rouge,54.6
47,47029,rouge,hach_bleuemarine,39.6
47,47030,bleuemarine,hach_rouge,40.8
47,47033,bleuemarine,hach_rouge,47.6
47,47036,bleuemarine,hach_rouge,44
47,47037,bleuemarine,hach_rouge,41
47,47044,bleuemarine,hach_rouge,26.1
47,47048,bleuemarine,hach_rouge,49.2
47,47049,bleuemarine,hach_rouge,51.4
47,47050,bleuemarine,hach_rouge,27.9
47,47053,bleuemarine,hach_rouge,42.8
47,47055,bleuemarine,hach_rouge,42.1
47,47057,bleuemarine,hach_rouge,47.4
47,47062,bleuemarine,hach_rouge,42.1
47,47063,bleuemarine,hach_rouge,55
47,47064,bleuemarine,hach_rouge,44.6
47,47070,bleuemarine,hach_rouge,37.6
47,47072,bleuemarine,hach_rouge,34.9
47,47073,bleuemarine,hach_rouge,33.1
47,47077,bleuemarine,hach_rouge,44.2
47,47079,bleuemarine,hach_rouge,49.2
47,47080,bleuemarine,hach_rouge,39.4
47,47081,bleuemarine,hach_rouge,45.4
47,47082,bleuemarine,hach_rouge,42.1
47,47083,bleuemarine,hach_rouge,25.7
47,47084,bleuemarine,hach_rouge,37.9
47,47087,rouge,hach_bleuemarine,43.4
47,47096,bleuemarine,hach_rouge,34.4
47,47099,bleuemarine,hach_rouge,39.2
47,47105,bleuemarine,hach_rouge,35.3
47,47106,bleuemarine,hach_rouge,52.7
47,47109,bleuemarine,hach_rouge,41.2
47,47111,bleuemarine,hach_rouge,51.9
47,47117,bleuemarine,hach_rouge,52.7
47,47075,bleuemarine,hach_rouge,47.2
47,47289,bleuemarine,hach_rouge,39.3
47,47291,bleuemarine,hach_rouge,49
47,47123,rouge,hach_bleuemarine,38.3
47,47124,bleuemarine,hach_rouge,49.7
47,47125,bleuemarine,hach_rouge,36.3
47,47132,bleuemarine,hach_rouge,39.8
47,47138,bleuemarine,hach_rouge,44.4
47,47140,bleuemarine,hach_rouge,47.1
47,47141,bleuemarine,hach_rouge,36.6
47,47306,bleuemarine,hach_rouge,43.4
47,47146,bleuemarine,hach_rouge,44.2
47,47152,bleuemarine,hach_rouge,44.3
47,47154,bleuemarine,hach_rouge,47.6
47,47155,bleuemarine,hach_rouge,43
47,47160,rouge,hach_bleuemarine,41.7
47,47161,bleuemarine,hach_rouge,46.2
47,47162,bleuemarine,hach_rouge,32
47,47164,rouge,hach_bleuemarine,43.7
47,47170,bleuemarine,hach_rouge,49.8
47,47171,bleuemarine,hach_rouge,47.1
47,47173,bleuemarine,hach_rouge,44.5
47,47175,bleuemarine,hach_rouge,44.1
47,47178,bleuemarine,hach_rouge,40.1
47,47179,bleuemarine,hach_rouge,45.8
47,47181,bleuemarine,hach_rouge,42.2
47,47182,bleuemarine,hach_rouge,40
47,47183,rouge,hach_bleuemarine,43.1
47,47184,bleuemarine,hach_rouge,37.2
47,47185,rouge,hach_bleuemarine,49.8
47,47190,bleuemarine,hach_rouge,42.7
47,47192,bleuemarine,hach_rouge,38
47,47193,bleuemarine,hach_rouge,45.7
47,47198,bleuemarine,hach_rouge,45.9
47,47200,bleuemarine,hach_rouge,51.4
47,47202,bleuemarine,hach_rouge,36.4
47,47203,bleuemarine,hach_rouge,49.5
47,47206,bleuemarine,hach_rouge,46.1
47,47213,bleuemarine,hach_rouge,41.5
47,47215,bleuemarine,hach_rouge,47.9
47,47219,bleuemarine,hach_rouge,38.9
47,47223,bleuemarine,hach_rouge,48.9
47,47228,bleuemarine,hach_rouge,43.5
47,47230,bleuemarine,hach_rouge,44.1
47,47239,bleuemarine,hach_rouge,53
47,47240,rouge,hach_bleuemarine,43.7
47,47241,bleuemarine,hach_rouge,43.6
47,47242,bleuemarine,hach_rouge,45.9
47,47328,bleuemarine,hach_rouge,47.2
47,47255,bleuemarine,hach_rouge,39
47,47256,bleuemarine,hach_rouge,22.5
47,47259,bleuemarine,hach_rouge,29.3
47,47260,bleuemarine,hach_rouge,38.2
47,47265,rouge,hach_bleuemarine,45.8
47,47272,bleuemarine,hach_rouge,32.2
47,47273,rouge,hach_bleuemarine,34.7
47,47276,bleuemarine,hach_rouge,38.1
47,47280,bleuemarine,hach_rouge,49
47,47283,rouge,hach_bleuemarine,52.3
47,47237,bleuemarine,hach_rouge,44.2
47,47252,bleuemarine,hach_rouge,54.5
47,47284,bleuemarine,hach_rouge,43.8
47,47288,bleuemarine,hach_rouge,43.6
47,47292,bleuemarine,hach_rouge,48.1
47,47295,bleuemarine,hach_rouge,41.9
47,47297,bleuemarine,hach_rouge,49.2
47,47299,bleuemarine,hach_rouge,34.4
47,47305,bleuemarine,hach_rouge,39
47,47307,bleuemarine,hach_rouge,38.4
47,47309,bleuemarine,hach_rouge,40.7
47,47311,rouge,hach_bleuemarine,41.5
47,47312,bleuemarine,hach_rouge,43
47,47313,bleuemarine,hach_rouge,32.3
47,47314,bleuemarine,hach_rouge,45.1
47,47315,bleuemarine,hach_rouge,44.6
47,47319,bleuemarine,hach_rouge,43.5
47,47323,bleuemarine,hach_rouge,55.4
47,47324,bleuemarine,hach_rouge,45.8
64,64037,orange,hach_rouge,49.5
64,64060,orange,hach_rouge,45.9
64,64080,orange,hach_rouge,47.7
64,64121,orange,hach_rouge,33.3
64,64129,rouge,hach_orange,49
64,64142,orange,hach_rouge,51.3
64,64183,orange,hach_rouge,37.8
64,64198,orange,hach_rouge,48.9
64,64237,orange,hach_rouge,41.3
64,64335,orange,hach_rouge,45.5
64,64348,orange,hach_rouge,45.5
64,64373,orange,hach_rouge,42.1
64,64387,orange,hach_rouge,54.6
64,64413,orange,hach_rouge,40.1
64,64445,rouge,hach_orange,50.1
64,64448,orange,hach_rouge,46.5
64,64467,rouge,hach_orange,42.8
64,64511,orange,hach_rouge,46.6
64,64525,orange,hach_rouge,44.3
64,64549,orange,hach_rouge,47.5
64,64550,orange,hach_rouge,39.1
64,64001,orange,hach_verte,27.6
64,64002,orange,hach_verte,35
64,64021,orange,hach_verte,39.6
64,64023,verte,hach_orange,43.8
64,64027,verte,hach_orange,44.8
64,64041,orange,hach_verte,42
64,64053,verte,hach_orange,36
64,64054,orange,hach_verte,45.8
64,64058,orange,hach_verte,49.2
64,64059,orange,hach_verte,40.5
64,64067,orange,hach_verte,44.6
64,64068,orange,hach_verte,43.2
64,64089,orange,hach_verte,31.6
64,64091,orange,hach_verte,50.1
64,64095,verte,hach_orange,44.6
64,64097,orange,hach_verte,43.2
64,64101,orange,hach_verte,45
64,64103,orange,hach_verte,36.2
64,64109,orange,hach_verte,52.5
64,64111,orange,hach_verte,31.9
64,64114,orange,hach_verte,48.8
64,64119,orange,hach_verte,48.9
64,64132,orange,hach_verte,47.5
64,64133,orange,hach_verte,47.1
64,64137,orange,hach_verte,42.4
64,64138,verte,hach_orange,52.2
64,64145,verte,hach_orange,47.1
64,64148,verte,hach_orange,44.4
64,64152,orange,hach_verte,48.4
64,64173,orange,hach_verte,38.4
64,64174,verte,hach_orange,37.7
64,64191,verte,hach_orange,49.2
64,64208,orange,hach_verte,59.8
64,64211,verte,hach_orange,46.5
64,64212,orange,hach_verte,40.8
64,64227,orange,hach_verte,43.7
64,64238,orange,hach_verte,47
64,64246,verte,hach_orange,35.1
64,64257,verte,hach_orange,40.8
64,64262,orange,hach_verte,43.1
64,64266,orange,hach_verte,45.8
64,64269,orange,hach_verte,46.3
64,64270,orange,hach_verte,48.1
64,64292,orange,hach_verte,51
64,64293,orange,hach_verte,54.4
64,64302,verte,hach_orange,48.2
64,64309,orange,hach_verte,42.5
64,64329,orange,hach_verte,40.2
64,64338,orange,hach_verte,46
64,64339,orange,hach_verte,45.9
64,64343,orange,hach_verte,48.7
64,64344,orange,hach_verte,48.3
64,64346,orange,hach_verte,42.5
64,64352,orange,hach_verte,46.9
64,64358,orange,hach_verte,40.5
64,64370,orange,hach_verte,47.9
64,64372,orange,hach_verte,50
64,64376,orange,hach_verte,45.2
64,64386,verte,hach_orange,48.9
64,64395,orange,hach_verte,42.1
64,64398,orange,hach_verte,39.2
64,64399,orange,hach_verte,46.5
64,64400,verte,hach_orange,51.1
64,64405,orange,hach_verte,50.8
64,64417,orange,hach_verte,49.1
64,64419,orange,hach_verte,48.1
64,64438,orange,hach_verte,41
64,64439,orange,hach_verte,46.4
64,64444,verte,hach_orange,44.1
64,64445,rouge,hach_orange,50.1
64,64451,orange,hach_verte,41
64,64452,orange,hach_verte,39.5
64,64453,orange,hach_verte,49.7
64,64454,orange,hach_verte,47.9
64,64465,orange,hach_verte,39.7
64,64469,orange,hach_verte,47.7
64,64470,orange,hach_verte,47.9
64,64472,orange,hach_verte,46.7
64,64482,orange,hach_verte,40.5
64,64488,orange,hach_verte,44.4
64,64498,orange,hach_verte,42.7
64,64507,orange,hach_verte,36.4
64,64515,verte,hach_orange,45.2
64,64516,orange,hach_verte,41.6
64,64518,orange,hach_verte,43.6
64,64519,orange,hach_verte,50.2
64,64520,orange,hach_verte,39.1
64,64526,orange,hach_verte,49.2
64,64544,orange,hach_verte,18.8
64,64003,rouge,hach_rose,48
64,64005,rose,hach_rouge,43.9
64,64028,rose,hach_rouge,44.8
64,64042,rose,hach_rouge,51.3
64,64043,rose,hach_rouge,48.5
64,64044,rose,hach_rouge,55.4
64,64048,rose,hach_rouge,40.5
64,64052,rose,hach_rouge,42.7
64,64056,rose,hach_rouge,39.3
64,64057,rose,hach_rouge,48.9
64,64061,rose,hach_rouge,49.8
64,64063,rose,hach_rouge,42.1
64,64072,rose,hach_rouge,45.1
64,64073,rose,hach_rouge,54.8
64,64074,rose,hach_rouge,44.4
64,64077,rose,hach_rouge,47.1
64,64078,rose,hach_rouge,40.9
64,64079,rose,hach_rouge,28.6
64,64082,rose,hach_rouge,47.9
64,64084,rose,hach_rouge,37.7
64,64087,rose,hach_rouge,44.4
64,64088,rose,hach_rouge,46.9
64,64090,rose,hach_rouge,33.3
64,64098,rose,hach_rouge,31.2
64,64108,rose,hach_rouge,55.3
64,64112,rose,hach_rouge,42.4
64,64117,rose,hach_rouge,47.9
64,64118,rose,hach_rouge,34.9
64,64131,rose,hach_rouge,43.1
64,64135,rose,hach_rouge,43.2
64,64139,rose,hach_rouge,41
64,64141,rose,hach_rouge,42.8
64,64143,rose,hach_rouge,34.8
64,64144,rose,hach_rouge,40.9
64,64146,rose,hach_rouge,45.3
64,64153,rose,hach_rouge,39.7
64,64158,rose,hach_rouge,35.2
64,64159,rouge,hach_rose,43
64,64167,rose,hach_rouge,50.8
64,64168,rose,hach_rouge,47.2
64,64170,rose,hach_rouge,29.5
64,64171,rose,hach_rouge,45.3
64,64172,rose,hach_rouge,37.7
64,64177,rose,hach_rouge,46
64,64179,rose,hach_rouge,41.5
64,64180,rose,hach_rouge,52.1
64,64181,rose,hach_rouge,45.3
64,64182,rose,hach_rouge,51.6
64,64184,rose,hach_rouge,40.6
64,64190,rose,hach_rouge,40.8
64,64192,rose,hach_rouge,31.9
64,64193,rose,hach_rouge,44.3
64,64194,rose,hach_rouge,45.7
64,64195,rose,hach_rouge,39.2
64,64196,rose,hach_rouge,39.4
64,64197,rose,hach_rouge,48.6
64,64199,rose,hach_rouge,47.9
64,64200,rose,hach_rouge,49.4
64,64203,rose,hach_rouge,48.3
64,64205,rose,hach_rouge,47.2
64,64210,rose,hach_rouge,45
64,64219,rose,hach_rouge,42.8
64,64226,rose,hach_rouge,56.1
64,64230,rose,hach_rouge,48.2
64,64232,rose,hach_rouge,29.9
64,64233,rose,hach_rouge,48.1
64,64234,rose,hach_rouge,43.2
64,64236,rose,hach_rouge,41.9
64,64239,rose,hach_rouge,33
64,64243,rose,hach_rouge,39.9
64,64254,rose,hach_rouge,45
64,64284,rose,hach_rouge,53.2
64,64286,rose,hach_rouge,43.3
64,64288,rose,hach_rouge,45.5
64,64290,rose,hach_rouge,51.8
64,64291,rose,hach_rouge,50.7
64,64295,rose,hach_rouge,34.3
64,64296,rose,hach_rouge,46.9
64,64299,rose,hach_rouge,44.1
64,64300,rose,hach_rouge,46.4
64,64301,rose,hach_rouge,52.9
64,64305,rose,hach_rouge,45.7
64,64306,rose,hach_rouge,47.4
64,64307,rose,hach_rouge,48.8
64,64308,rose,hach_rouge,34.9
64,64311,rose,hach_rouge,40.7
64,64312,rose,hach_rouge,40.3
64,64315,rose,hach_rouge,41.3
64,64318,rose,hach_rouge,38.2
64,64321,rose,hach_rouge,47.4
64,64323,rose,hach_rouge,46.6
64,64324,rose,hach_rouge,41.6
64,64325,rose,hach_rouge,26.5
64,64331,rose,hach_rouge,52.3
64,64332,rose,hach_rouge,43.2
64,64334,rose,hach_rouge,36.8
64,64337,rose,hach_rouge,43.7
64,64347,rose,hach_rouge,50
64,64349,rose,hach_rouge,49.4
64,64355,rose,hach_rouge,42
64,64356,rose,hach_rouge,39.3
64,64357,rose,hach_rouge,35.2
64,64359,rose,hach_rouge,50.1
64,64361,rose,hach_rouge,55.2
64,64365,rose,hach_rouge,44.8
64,64366,rose,hach_rouge,43.2
64,64367,rose,hach_rouge,52.2
64,64369,rose,hach_rouge,46.5
64,64374,rose,hach_rouge,54.9
64,64380,rose,hach_rouge,43.5
64,64382,rose,hach_rouge,44.7
64,64383,rose,hach_rouge,24
64,64385,rose,hach_rouge,42.1
64,64388,rose,hach_rouge,48.1
64,64389,rose,hach_rouge,37.8
64,64390,rose,hach_rouge,42.9
64,64392,rose,hach_rouge,45.2
64,64393,rose,hach_rouge,47.7
64,64394,rose,hach_rouge,32
64,64396,rose,hach_rouge,51.4
64,64401,rose,hach_rouge,42.6
64,64397,rose,hach_rouge,60.8
64,64406,rose,hach_rouge,40.9
64,64408,rose,hach_rouge,39.2
64,64410,rose,hach_rouge,57.6
64,64415,rose,hach_rouge,50.6
64,64418,rose,hach_rouge,30.5
64,64430,rose,hach_rouge,51.5
64,64431,rose,hach_rouge,51.8
64,64440,rose,hach_rouge,38.7
64,64442,rose,hach_rouge,42.4
64,64443,rose,hach_rouge,48.4
64,64445,rouge,hach_orange,50.1
64,64446,rose,hach_rouge,33.1
64,64447,rose,hach_rouge,48.4
64,64450,rose,hach_rouge,57
64,64455,rose,hach_rouge,41.3
64,64456,rose,hach_rouge,41.3
64,64457,rose,hach_rouge,29.2
64,64461,rose,hach_rouge,54.6
64,64462,rose,hach_rouge,43.1
64,64464,rose,hach_rouge,37
64,64471,rose,hach_rouge,40.6
64,64474,rose,hach_rouge,38.3
64,64478,rose,hach_rouge,36.9
64,64479,rose,hach_rouge,54.8
64,64486,rose,hach_rouge,43.8
64,64491,rose,hach_rouge,43.5
64,64494,rose,hach_rouge,45.5
64,64499,rose,hach_rouge,49.9
64,64500,rose,hach_rouge,56
64,64501,rose,hach_rouge,46.4
64,64503,rouge,hach_rose,50.6
64,64505,rose,hach_rouge,40.7
64,64510,rose,hach_rouge,43.1
64,64512,rose,hach_rouge,48.2
64,64514,rose,hach_rouge,44.6
64,64517,rose,hach_rouge,42.8
64,64521,rose,hach_rouge,49.4
64,64523,rose,hach_rouge,54.7
64,64524,rose,hach_rouge,42.3
64,64532,rose,hach_rouge,34.1
64,64534,rose,hach_rouge,32.4
64,64535,rose,hach_rouge,51.6
64,64536,rose,hach_rouge,45.5
64,64541,rose,hach_rouge,48.6
64,64548,rose,hach_rouge,45.6
64,64552,rose,hach_rouge,39.7
64,64554,rose,hach_rouge,38.7
64,64556,rose,hach_rouge,50.9
64,64557,rose,hach_rouge,44.6
64,64560,rose,hach_rouge,43
64,64004,rouge,hach_orange,34.6
64,64006,rouge,hach_orange,41.7
64,64007,rouge,hach_orange,44
64,64008,orange,hach_rouge,49.4
64,64010,orange,hach_rouge,40.1
64,64011,rouge,hach_orange,42.5
64,64012,orange,hach_rouge,41.4
64,64013,orange,hach_rouge,44.4
64,64015,orange,hach_rouge,44.1
64,64016,orange,hach_rouge,50.7
64,64017,rouge,hach_orange,47
64,64018,orange,hach_rouge,42.8
64,64019,orange,hach_rouge,40.7
64,64225,rouge,hach_orange,31.1
64,64022,orange,hach_rouge,46.7
64,64025,orange,hach_rouge,33.3
64,64026,orange,hach_rouge,45.9
64,64029,orange,hach_rouge,39.8
64,64032,orange,hach_rouge,54.5
64,64033,rouge,hach_orange,47.6
64,64034,orange,hach_rouge,38.2
64,64036,orange,hach_rouge,47
64,64039,orange,hach_rouge,44.5
64,64040,rouge,hach_orange,45.6
64,64045,orange,hach_rouge,54.7
64,64046,orange,hach_rouge,43.5
64,64047,orange,hach_rouge,48.7
64,64049,orange,hach_rouge,42.2
64,64050,orange,hach_rouge,43
64,64051,rouge,hach_orange,53.6
64,64062,rouge,hach_orange,47.1
64,64064,rouge,hach_orange,55
64,64066,orange,hach_rouge,46
64,64069,rouge,hach_orange,33.8
64,64071,orange,hach_rouge,33.3
64,64075,orange,hach_rouge,39.2
64,64081,orange,hach_rouge,46.7
64,64083,rouge,hach_orange,44.4
64,64085,orange,hach_rouge,49.2
64,64092,orange,hach_rouge,50.5
64,64093,orange,hach_rouge,42.4
64,64096,rouge,hach_orange,48.3
64,64099,rouge,hach_orange,41.1
64,64104,rouge,hach_orange,36.2
64,64105,orange,hach_rouge,39.7
64,64106,rouge,hach_orange,44
64,64107,orange,hach_rouge,38.6
64,64110,rouge,hach_orange,45.1
64,64115,rouge,hach_orange,50
64,64116,rouge,hach_orange,43.2
64,64120,orange,hach_rouge,46.5
64,64124,rouge,hach_orange,49.5
64,64126,rouge,hach_orange,41.4
64,64127,rouge,hach_orange,43.9
64,64128,rouge,hach_orange,37.1
64,64134,rouge,hach_orange,52.8
64,64136,rouge,hach_orange,29.3
64,64149,orange,hach_rouge,43.4
64,64150,rouge,hach_orange,32.5
64,64151,rouge,hach_orange,29.6
64,64154,rouge,hach_orange,26.4
64,64155,orange,hach_rouge,36.5
64,64156,rouge,hach_orange,47.1
64,64157,rouge,hach_orange,48.9
64,64162,rouge,hach_orange,31.9
64,64165,rouge,hach_orange,38.5
64,64166,orange,hach_rouge,50.3
64,64175,rouge,hach_orange,46.9
64,64176,orange,hach_rouge,54.4
64,64178,rouge,hach_orange,37.6
64,64185,rouge,hach_orange,40.5
64,64186,orange,hach_rouge,50.3
64,64187,orange,hach_rouge,53.6
64,64188,orange,hach_rouge,42.1
64,64201,orange,hach_rouge,35.4
64,64202,orange,hach_rouge,43.3
64,64204,rouge,hach_orange,44.1
64,64206,rouge,hach_orange,59.6
64,64207,rouge,hach_orange,40.3
64,64209,rouge,hach_orange,48.6
64,64214,orange,hach_rouge,51.9
64,64215,rouge,hach_orange,34.7
64,64217,rouge,hach_orange,47.1
64,64218,orange,hach_rouge,51.4
64,64220,rouge,hach_orange,41
64,64221,orange,hach_rouge,47.3
64,64222,rouge,hach_orange,60.6
64,64223,rouge,hach_orange,41.8
64,64224,rouge,hach_orange,50.1
64,64228,orange,hach_rouge,42.2
64,64229,orange,hach_rouge,25.8
64,64231,orange,hach_rouge,42.3
64,64235,orange,hach_rouge,48.5
64,64240,orange,hach_rouge,48.2
64,64241,rouge,hach_orange,48.4
64,64242,rouge,hach_orange,17.7
64,64244,orange,hach_rouge,45.1
64,64245,rouge,hach_orange,46
64,64247,orange,hach_rouge,40.3
64,64251,orange,hach_rouge,48.9
64,64252,rouge,hach_orange,42.3
64,64253,rouge,hach_orange,47.4
64,64256,orange,hach_rouge,52.1
64,64258,rouge,hach_orange,43.3
64,64259,orange,hach_rouge,46.7
64,64261,orange,hach_rouge,44.7
64,64265,orange,hach_rouge,41.5
64,64267,orange,hach_rouge,49.3
64,64268,orange,hach_rouge,42.9
64,64271,orange,hach_rouge,46.7
64,64272,orange,hach_rouge,42.1
64,64273,orange,hach_rouge,50.1
64,64274,orange,hach_rouge,50.5
64,64275,rouge,hach_orange,46.2
64,64276,rouge,hach_orange,46.4
64,64280,rouge,hach_orange,48.4
64,64281,orange,hach_rouge,41.8
64,64283,orange,hach_rouge,28.3
64,64285,orange,hach_rouge,38.3
64,64263,orange,hach_rouge,41.3
64,64264,orange,hach_rouge,29
64,64287,rouge,hach_orange,39.2
64,64294,orange,hach_rouge,45.9
64,64297,rouge,hach_orange,43.6
64,64298,rouge,hach_orange,49.1
64,64303,rouge,hach_orange,36.8
64,64310,rouge,hach_orange,45
64,64313,orange,hach_rouge,38.2
64,64314,orange,hach_rouge,36.6
64,64316,rouge,hach_orange,53.8
64,64319,orange,hach_rouge,49.3
64,64320,orange,hach_rouge,44
64,64322,orange,hach_rouge,30.2
64,64326,rouge,hach_orange,41.3
64,64327,rouge,hach_orange,41.2
64,64328,rouge,hach_orange,39.9
64,64330,rouge,hach_orange,50.4
64,64336,rouge,hach_orange,39.4
64,64340,rouge,hach_orange,41.1
64,64341,orange,hach_rouge,42.1
64,64342,rouge,hach_orange,45
64,64345,orange,hach_rouge,50.5
64,64351,orange,hach_rouge,42.7
64,64353,rouge,hach_orange,46.1
64,64354,rouge,hach_orange,33
64,64360,orange,hach_rouge,44.5
64,64362,orange,hach_rouge,41.3
64,64363,rouge,hach_orange,43.8
64,64364,orange,hach_rouge,49
64,64368,orange,hach_rouge,37.3
64,64371,rouge,hach_orange,45.6
64,64375,orange,hach_rouge,48.3
64,64377,rouge,hach_orange,48.5
64,64378,rouge,hach_orange,45.7
64,64379,orange,hach_rouge,49.3
64,64381,rouge,hach_orange,47.9
64,64391,orange,hach_rouge,47
64,64403,orange,hach_rouge,48.4
64,64404,orange,hach_rouge,43.2
64,64409,orange,hach_rouge,45.1
64,64411,rouge,hach_orange,34
64,64412,orange,hach_rouge,43.8
64,64414,orange,hach_rouge,44
64,64416,orange,hach_rouge,51.6
64,64420,orange,hach_rouge,44.6
64,64421,rouge,hach_orange,44.3
64,64422,rouge,hach_orange,48
64,64423,orange,hach_rouge,40.5
64,64424,orange,hach_rouge,45.4
64,64425,orange,hach_rouge,48.9
64,64426,orange,hach_rouge,43.8
64,64427,orange,hach_rouge,32.3
64,64428,orange,hach_rouge,38.3
64,64429,orange,hach_rouge,25
64,64432,rouge,hach_orange,35.4
64,64433,rouge,hach_orange,39.9
64,64434,orange,hach_rouge,42.9
64,64435,orange,hach_rouge,30.8
64,64436,rouge,hach_orange,42.3
64,64437,rouge,hach_orange,38
64,64441,orange,hach_rouge,46
64,64449,rouge,hach_orange,46.1
64,64458,rouge,hach_orange,42.1
64,64459,orange,hach_rouge,37.9
64,64460,rouge,hach_orange,39.7
64,64463,rouge,hach_orange,38.8
64,64466,rouge,hach_orange,44.9
64,64468,orange,hach_rouge,42
64,64476,orange,hach_rouge,38.9
64,64477,orange,hach_rouge,51.7
64,64480,orange,hach_rouge,43.8
64,64481,rouge,hach_orange,41.2
64,64484,orange,hach_rouge,43.8
64,64485,orange,hach_rouge,40.2
64,64487,orange,hach_rouge,52.7
64,64489,rouge,hach_orange,46.9
64,64490,rouge,hach_orange,48.9
64,64492,orange,hach_rouge,48.6
64,64493,orange,hach_rouge,45.5
64,64473,rouge,hach_orange,38.9
64,64475,orange,hach_rouge,54.3
64,64506,rouge,hach_orange,48.8
64,64508,orange,hach_rouge,21.8
64,64509,orange,hach_rouge,47.9
64,64513,orange,hach_rouge,49.2
64,64522,orange,hach_rouge,46
64,64528,orange,hach_rouge,47.5
64,64529,orange,hach_rouge,46.3
64,64530,rouge,hach_orange,43.1
64,64531,orange,hach_rouge,51.4
64,64533,orange,hach_rouge,48.1
64,64537,orange,hach_rouge,40.3
64,64538,orange,hach_rouge,41.5
64,64539,orange,hach_rouge,49.2
64,64542,rouge,hach_orange,45
64,64543,orange,hach_rouge,57.6
64,64551,rouge,hach_orange,38.9
64,64555,orange,hach_rouge,35.2
64,64559,rouge,hach_orange,47.9
64,64024,orange,hach_rouge,49.6
64,64031,rouge,hach_orange,42.9
64,64086,orange,hach_rouge,52.8
64,64094,orange,hach_rouge,45.6
64,64102,rouge,hach_orange,54.2
64,64113,orange,hach_rouge,32.3
64,64123,orange,hach_rouge,47.4
64,64140,rouge,hach_orange,46.8
64,64147,orange,hach_rouge,50.9
64,64161,orange,hach_rouge,48.9
64,64250,orange,hach_rouge,47.9
64,64277,rouge,hach_orange,45
64,64289,orange,hach_rouge,50.8
64,64304,rouge,hach_orange,50.8
64,64407,orange,hach_rouge,52.8
64,64496,orange,hach_rouge,48.2
64,64502,orange,hach_rouge,53.9
64,64540,orange,hach_rouge,50.4
64,64546,orange,hach_rouge,47.8
64,64558,orange,hach_rouge,50.3
64,64009,orange,hach_rouge,52.3
64,64014,orange,hach_rouge,44.9
64,64035,orange,hach_rouge,48
64,64038,orange,hach_rouge,51.5
64,64065,orange,hach_rouge,48.4
64,64100,orange,hach_rouge,46.6
64,64122,orange,hach_rouge,54.3
64,64125,orange,hach_rouge,53
64,64130,rouge,hach_orange,52.1
64,64160,orange,hach_rouge,51.5
64,64189,orange,hach_rouge,47.7
64,64213,orange,hach_rouge,52.9
64,64249,orange,hach_rouge,48.6
64,64255,orange,hach_rouge,50.8
64,64260,rouge,hach_orange,51.9
64,64279,orange,hach_rouge,51.9
64,64282,orange,hach_rouge,49.5
64,64317,orange,hach_rouge,49.9
64,64350,orange,hach_rouge,50.5
64,64483,orange,hach_rouge,47.9
64,64495,orange,hach_rouge,51.8
64,64504,orange,hach_rouge,56
64,64527,orange,hach_rouge,51.4
64,64545,orange,hach_rouge,51
64,64547,orange,hach_rouge,52.7
33,33550,rouge,hach_orange,53.6
33,33551,bleuemarine,hach_orange,46.1
33,33552,rouge,hach_orange,50.2
33,33553,bleuemarine,hach_orange,46.9
33,33554,orange,hach_rouge,55.3
33,33555,bleuemarine,hach_orange,54.4
24,24190,orange,hach_rouge,42.9
47,47224,bleuemarine,hach_rouge,36.4
64,64070,rose,hach_rouge,56
64,64216,orange,hach_verte,49